Employee_ID,Turnover_Probability,Risk_Zone
10627,0.0,Safe Zone (Green)
2703,0.63,Medium-Risk Zone (Orange)
6059,0.03,Safe Zone (Green)
3258,0.0,Safe Zone (Green)
4565,0.0,Safe Zone (Green)
4991,0.01,Safe Zone (Green)
13976,0.0,Safe Zone (Green)
9427,0.0,Safe Zone (Green)
7173,0.0,Safe Zone (Green)
13412,0.0,Safe Zone (Green)
14892,1.0,High-Risk Zone (Red)
11861,0.07,Safe Zone (Green)
1246,1.0,High-Risk Zone (Red)
12932,0.0,Safe Zone (Green)
5997,0.0,Safe Zone (Green)
14278,0.99,High-Risk Zone (Red)
3664,0.0,Safe Zone (Green)
4266,0.0,Safe Zone (Green)
13383,0.01,Safe Zone (Green)
12238,1.0,High-Risk Zone (Red)
11072,0.01,Safe Zone (Green)
14859,1.0,High-Risk Zone (Red)
2752,0.02,Safe Zone (Green)
5889,0.06,Safe Zone (Green)
10194,0.0,Safe Zone (Green)
10640,0.01,Safe Zone (Green)
12500,1.0,High-Risk Zone (Red)
4181,0.14,Safe Zone (Green)
9779,0.0,Safe Zone (Green)
4483,0.0,Safe Zone (Green)
6420,0.03,Safe Zone (Green)
14703,1.0,High-Risk Zone (Red)
233,1.0,High-Risk Zone (Red)
8857,0.11,Safe Zone (Green)
4324,0.17,Safe Zone (Green)
756,1.0,High-Risk Zone (Red)
14260,1.0,High-Risk Zone (Red)
7947,0.0,Safe Zone (Green)
4228,0.0,Safe Zone (Green)
7009,0.0,Safe Zone (Green)
3675,0.17,Safe Zone (Green)
7321,0.0,Safe Zone (Green)
4534,0.56,Low-Risk Zone (Yellow)
9908,0.06,Safe Zone (Green)
7338,0.01,Safe Zone (Green)
12268,1.0,High-Risk Zone (Red)
5708,0.05,Safe Zone (Green)
14204,0.0,Safe Zone (Green)
8017,0.0,Safe Zone (Green)
12087,0.99,High-Risk Zone (Red)
172,1.0,High-Risk Zone (Red)
225,1.0,High-Risk Zone (Red)
14601,1.0,High-Risk Zone (Red)
3470,0.01,Safe Zone (Green)
13031,0.0,Safe Zone (Green)
6920,0.0,Safe Zone (Green)
14450,1.0,High-Risk Zone (Red)
12575,1.0,High-Risk Zone (Red)
251,1.0,High-Risk Zone (Red)
4478,0.0,Safe Zone (Green)
2459,0.09,Safe Zone (Green)
14344,1.0,High-Risk Zone (Red)
3141,0.1,Safe Zone (Green)
11729,0.01,Safe Zone (Green)
2286,0.04,Safe Zone (Green)
12887,0.0,Safe Zone (Green)
150,1.0,High-Risk Zone (Red)
9539,0.0,Safe Zone (Green)
14960,1.0,High-Risk Zone (Red)
11677,0.0,Safe Zone (Green)
1072,0.19,Safe Zone (Green)
419,0.92,High-Risk Zone (Red)
4469,0.0,Safe Zone (Green)
13235,0.0,Safe Zone (Green)
4233,0.0,Safe Zone (Green)
2099,0.0,Safe Zone (Green)
12521,1.0,High-Risk Zone (Red)
12221,1.0,High-Risk Zone (Red)
5860,0.09,Safe Zone (Green)
3406,0.0,Safe Zone (Green)
13692,0.0,Safe Zone (Green)
6590,0.0,Safe Zone (Green)
8077,0.0,Safe Zone (Green)
10594,0.0,Safe Zone (Green)
9811,0.05,Safe Zone (Green)
3100,0.0,Safe Zone (Green)
14955,0.92,High-Risk Zone (Red)
12389,0.99,High-Risk Zone (Red)
4275,0.03,Safe Zone (Green)
2430,0.0,Safe Zone (Green)
12444,1.0,High-Risk Zone (Red)
11372,0.0,Safe Zone (Green)
10463,0.31,Low-Risk Zone (Yellow)
5665,0.0,Safe Zone (Green)
13411,0.0,Safe Zone (Green)
3222,0.0,Safe Zone (Green)
9231,0.0,Safe Zone (Green)
11674,0.0,Safe Zone (Green)
12157,1.0,High-Risk Zone (Red)
8181,0.01,Safe Zone (Green)
9296,0.0,Safe Zone (Green)
12726,0.98,High-Risk Zone (Red)
1636,1.0,High-Risk Zone (Red)
11785,0.0,Safe Zone (Green)
12482,1.0,High-Risk Zone (Red)
6434,0.0,Safe Zone (Green)
4329,0.09,Safe Zone (Green)
5982,0.19,Safe Zone (Green)
13602,0.03,Safe Zone (Green)
6861,0.02,Safe Zone (Green)
4940,0.0,Safe Zone (Green)
357,1.0,High-Risk Zone (Red)
12169,1.0,High-Risk Zone (Red)
1268,1.0,High-Risk Zone (Red)
12915,0.0,Safe Zone (Green)
7305,0.04,Safe Zone (Green)
6442,0.15,Safe Zone (Green)
6140,0.0,Safe Zone (Green)
1946,1.0,High-Risk Zone (Red)
3901,0.0,Safe Zone (Green)
3706,0.0,Safe Zone (Green)
10280,0.0,Safe Zone (Green)
8038,0.0,Safe Zone (Green)
652,1.0,High-Risk Zone (Red)
14666,1.0,High-Risk Zone (Red)
12501,0.66,Medium-Risk Zone (Orange)
8382,0.14,Safe Zone (Green)
2069,0.03,Safe Zone (Green)
9599,0.0,Safe Zone (Green)
3324,0.08,Safe Zone (Green)
3585,0.11,Safe Zone (Green)
6028,0.24,Low-Risk Zone (Yellow)
4046,0.03,Safe Zone (Green)
1201,0.89,Medium-Risk Zone (Orange)
12885,0.0,Safe Zone (Green)
12112,1.0,High-Risk Zone (Red)
3847,0.01,Safe Zone (Green)
11833,0.0,Safe Zone (Green)
2329,0.14,Safe Zone (Green)
3771,0.03,Safe Zone (Green)
10504,0.02,Safe Zone (Green)
6184,0.13,Safe Zone (Green)
2907,0.24,Low-Risk Zone (Yellow)
4777,0.0,Safe Zone (Green)
1215,0.97,High-Risk Zone (Red)
7235,0.01,Safe Zone (Green)
7506,0.04,Safe Zone (Green)
701,0.93,High-Risk Zone (Red)
781,0.99,High-Risk Zone (Red)
13501,0.0,Safe Zone (Green)
940,0.94,High-Risk Zone (Red)
653,1.0,High-Risk Zone (Red)
1155,1.0,High-Risk Zone (Red)
13252,0.08,Safe Zone (Green)
9162,0.03,Safe Zone (Green)
1456,1.0,High-Risk Zone (Red)
2581,0.01,Safe Zone (Green)
6700,0.02,Safe Zone (Green)
7648,0.01,Safe Zone (Green)
10256,0.17,Safe Zone (Green)
820,1.0,High-Risk Zone (Red)
12991,0.0,Safe Zone (Green)
6256,0.0,Safe Zone (Green)
8002,0.03,Safe Zone (Green)
5058,0.14,Safe Zone (Green)
10503,0.02,Safe Zone (Green)
11438,0.02,Safe Zone (Green)
626,1.0,High-Risk Zone (Red)
3761,0.0,Safe Zone (Green)
8823,0.0,Safe Zone (Green)
3015,0.21,Low-Risk Zone (Yellow)
13871,0.01,Safe Zone (Green)
3498,0.09,Safe Zone (Green)
2651,0.01,Safe Zone (Green)
9985,0.2,Low-Risk Zone (Yellow)
11456,0.0,Safe Zone (Green)
2656,0.0,Safe Zone (Green)
6283,0.01,Safe Zone (Green)
204,1.0,High-Risk Zone (Red)
1683,1.0,High-Risk Zone (Red)
2699,0.12,Safe Zone (Green)
11037,0.14,Safe Zone (Green)
832,1.0,High-Risk Zone (Red)
1548,0.92,High-Risk Zone (Red)
9676,0.07,Safe Zone (Green)
10445,0.04,Safe Zone (Green)
9902,0.01,Safe Zone (Green)
5601,0.0,Safe Zone (Green)
1143,1.0,High-Risk Zone (Red)
336,0.99,High-Risk Zone (Red)
4261,0.0,Safe Zone (Green)
2570,0.38,Low-Risk Zone (Yellow)
2038,0.02,Safe Zone (Green)
11893,0.02,Safe Zone (Green)
10036,0.04,Safe Zone (Green)
9205,0.0,Safe Zone (Green)
11739,0.01,Safe Zone (Green)
288,1.0,High-Risk Zone (Red)
1868,1.0,High-Risk Zone (Red)
6090,0.01,Safe Zone (Green)
10142,0.0,Safe Zone (Green)
11212,0.01,Safe Zone (Green)
13696,0.0,Safe Zone (Green)
9369,0.0,Safe Zone (Green)
3737,0.33,Low-Risk Zone (Yellow)
2953,0.0,Safe Zone (Green)
6891,0.0,Safe Zone (Green)
7074,0.0,Safe Zone (Green)
9918,0.0,Safe Zone (Green)
3401,0.0,Safe Zone (Green)
11480,0.0,Safe Zone (Green)
40,1.0,High-Risk Zone (Red)
3935,0.04,Safe Zone (Green)
4662,0.03,Safe Zone (Green)
12226,1.0,High-Risk Zone (Red)
2282,0.0,Safe Zone (Green)
11297,0.11,Safe Zone (Green)
10248,0.06,Safe Zone (Green)
39,1.0,High-Risk Zone (Red)
3539,0.0,Safe Zone (Green)
3510,0.01,Safe Zone (Green)
3942,0.05,Safe Zone (Green)
13318,0.01,Safe Zone (Green)
2078,0.0,Safe Zone (Green)
14283,1.0,High-Risk Zone (Red)
7766,0.01,Safe Zone (Green)
1546,0.87,Medium-Risk Zone (Orange)
1631,1.0,High-Risk Zone (Red)
4341,0.13,Safe Zone (Green)
9064,0.0,Safe Zone (Green)
2400,0.04,Safe Zone (Green)
4618,0.33,Low-Risk Zone (Yellow)
13191,0.0,Safe Zone (Green)
14680,1.0,High-Risk Zone (Red)
2739,0.0,Safe Zone (Green)
9931,0.0,Safe Zone (Green)
12144,0.99,High-Risk Zone (Red)
14636,1.0,High-Risk Zone (Red)
2096,0.05,Safe Zone (Green)
14992,1.0,High-Risk Zone (Red)
2634,0.07,Safe Zone (Green)
11956,0.01,Safe Zone (Green)
4192,0.36,Low-Risk Zone (Yellow)
9215,0.0,Safe Zone (Green)
1715,0.98,High-Risk Zone (Red)
7165,0.0,Safe Zone (Green)
3687,0.0,Safe Zone (Green)
8031,0.0,Safe Zone (Green)
85,1.0,High-Risk Zone (Red)
7191,0.09,Safe Zone (Green)
2361,0.14,Safe Zone (Green)
7073,0.07,Safe Zone (Green)
1883,1.0,High-Risk Zone (Red)
1458,1.0,High-Risk Zone (Red)
7719,0.12,Safe Zone (Green)
12166,1.0,High-Risk Zone (Red)
2612,0.16,Safe Zone (Green)
12783,0.02,Safe Zone (Green)
6779,0.16,Safe Zone (Green)
13452,0.0,Safe Zone (Green)
937,0.99,High-Risk Zone (Red)
1730,1.0,High-Risk Zone (Red)
3570,0.0,Safe Zone (Green)
6433,0.0,Safe Zone (Green)
2713,0.0,Safe Zone (Green)
9750,0.0,Safe Zone (Green)
14329,1.0,High-Risk Zone (Red)
1217,1.0,High-Risk Zone (Red)
14657,1.0,High-Risk Zone (Red)
13714,0.01,Safe Zone (Green)
6188,0.01,Safe Zone (Green)
5367,0.0,Safe Zone (Green)
2376,0.03,Safe Zone (Green)
12609,1.0,High-Risk Zone (Red)
2731,0.14,Safe Zone (Green)
7176,0.0,Safe Zone (Green)
4429,0.01,Safe Zone (Green)
1346,0.98,High-Risk Zone (Red)
9417,0.12,Safe Zone (Green)
11431,0.01,Safe Zone (Green)
2181,0.0,Safe Zone (Green)
3332,0.02,Safe Zone (Green)
4793,0.0,Safe Zone (Green)
494,1.0,High-Risk Zone (Red)
4071,0.0,Safe Zone (Green)
7576,0.17,Safe Zone (Green)
5465,0.01,Safe Zone (Green)
7712,0.45,Low-Risk Zone (Yellow)
1856,1.0,High-Risk Zone (Red)
1309,0.01,Safe Zone (Green)
14095,0.01,Safe Zone (Green)
7206,0.0,Safe Zone (Green)
2338,0.0,Safe Zone (Green)
4006,0.0,Safe Zone (Green)
13180,0.0,Safe Zone (Green)
11349,0.03,Safe Zone (Green)
33,1.0,High-Risk Zone (Red)
5101,0.01,Safe Zone (Green)
9763,0.18,Safe Zone (Green)
2083,0.18,Safe Zone (Green)
8274,0.0,Safe Zone (Green)
13559,0.03,Safe Zone (Green)
7840,0.0,Safe Zone (Green)
4292,0.0,Safe Zone (Green)
582,1.0,High-Risk Zone (Red)
6738,0.02,Safe Zone (Green)
13837,0.02,Safe Zone (Green)
10517,0.17,Safe Zone (Green)
13761,0.02,Safe Zone (Green)
11342,0.02,Safe Zone (Green)
8286,0.11,Safe Zone (Green)
2740,0.12,Safe Zone (Green)
3899,0.03,Safe Zone (Green)
5218,0.01,Safe Zone (Green)
9960,0.01,Safe Zone (Green)
287,0.92,High-Risk Zone (Red)
14209,0.03,Safe Zone (Green)
4854,0.0,Safe Zone (Green)
11084,0.21,Low-Risk Zone (Yellow)
12700,1.0,High-Risk Zone (Red)
10986,0.0,Safe Zone (Green)
14365,1.0,High-Risk Zone (Red)
1243,1.0,High-Risk Zone (Red)
8796,0.0,Safe Zone (Green)
1544,0.92,High-Risk Zone (Red)
13303,0.0,Safe Zone (Green)
4434,0.0,Safe Zone (Green)
7280,0.01,Safe Zone (Green)
1524,1.0,High-Risk Zone (Red)
5184,0.0,Safe Zone (Green)
12340,1.0,High-Risk Zone (Red)
10653,0.1,Safe Zone (Green)
821,0.99,High-Risk Zone (Red)
36,1.0,High-Risk Zone (Red)
13508,0.11,Safe Zone (Green)
2460,0.01,Safe Zone (Green)
4219,0.0,Safe Zone (Green)
562,1.0,High-Risk Zone (Red)
9950,0.02,Safe Zone (Green)
1846,0.99,High-Risk Zone (Red)
5481,0.0,Safe Zone (Green)
1710,0.92,High-Risk Zone (Red)
8395,0.0,Safe Zone (Green)
846,1.0,High-Risk Zone (Red)
10911,0.0,Safe Zone (Green)
11686,0.01,Safe Zone (Green)
10099,0.33,Low-Risk Zone (Yellow)
7932,0.16,Safe Zone (Green)
14302,1.0,High-Risk Zone (Red)
8743,0.05,Safe Zone (Green)
8648,0.0,Safe Zone (Green)
11174,0.11,Safe Zone (Green)
7722,0.06,Safe Zone (Green)
6676,0.0,Safe Zone (Green)
14534,1.0,High-Risk Zone (Red)
7616,0.1,Safe Zone (Green)
9233,0.0,Safe Zone (Green)
2844,0.0,Safe Zone (Green)
109,1.0,High-Risk Zone (Red)
5542,0.02,Safe Zone (Green)
2657,0.06,Safe Zone (Green)
10006,0.0,Safe Zone (Green)
3608,0.0,Safe Zone (Green)
7415,0.09,Safe Zone (Green)
10200,0.02,Safe Zone (Green)
6983,0.0,Safe Zone (Green)
4294,0.16,Safe Zone (Green)
5871,0.03,Safe Zone (Green)
8434,0.0,Safe Zone (Green)
5728,0.13,Safe Zone (Green)
4444,0.09,Safe Zone (Green)
359,1.0,High-Risk Zone (Red)
14570,1.0,High-Risk Zone (Red)
6648,0.04,Safe Zone (Green)
9344,0.0,Safe Zone (Green)
9315,0.0,Safe Zone (Green)
9760,0.0,Safe Zone (Green)
11848,0.0,Safe Zone (Green)
12875,0.02,Safe Zone (Green)
4250,0.02,Safe Zone (Green)
3517,0.16,Safe Zone (Green)
12688,1.0,High-Risk Zone (Red)
11968,0.0,Safe Zone (Green)
3795,0.04,Safe Zone (Green)
1935,1.0,High-Risk Zone (Red)
1877,1.0,High-Risk Zone (Red)
10522,0.01,Safe Zone (Green)
2111,0.01,Safe Zone (Green)
10955,0.04,Safe Zone (Green)
14256,1.0,High-Risk Zone (Red)
5604,0.05,Safe Zone (Green)
5756,0.55,Low-Risk Zone (Yellow)
12222,0.97,High-Risk Zone (Red)
13099,0.07,Safe Zone (Green)
8405,0.0,Safe Zone (Green)
5445,0.0,Safe Zone (Green)
6574,0.03,Safe Zone (Green)
9036,0.07,Safe Zone (Green)
7461,0.27,Low-Risk Zone (Yellow)
3389,0.31,Low-Risk Zone (Yellow)
14635,1.0,High-Risk Zone (Red)
1344,1.0,High-Risk Zone (Red)
7221,0.0,Safe Zone (Green)
14491,1.0,High-Risk Zone (Red)
10801,0.0,Safe Zone (Green)
13285,0.0,Safe Zone (Green)
7632,0.11,Safe Zone (Green)
4905,0.09,Safe Zone (Green)
2408,0.07,Safe Zone (Green)
4338,0.0,Safe Zone (Green)
11473,0.06,Safe Zone (Green)
4654,0.03,Safe Zone (Green)
4543,0.08,Safe Zone (Green)
10484,0.01,Safe Zone (Green)
10852,0.02,Safe Zone (Green)
11619,0.03,Safe Zone (Green)
10137,0.02,Safe Zone (Green)
8788,0.08,Safe Zone (Green)
13475,0.0,Safe Zone (Green)
2911,0.05,Safe Zone (Green)
11634,0.0,Safe Zone (Green)
5899,0.0,Safe Zone (Green)
11877,0.05,Safe Zone (Green)
4209,0.0,Safe Zone (Green)
11890,0.0,Safe Zone (Green)
7218,0.0,Safe Zone (Green)
6626,0.02,Safe Zone (Green)
343,1.0,High-Risk Zone (Red)
2277,0.11,Safe Zone (Green)
8223,0.03,Safe Zone (Green)
5543,0.04,Safe Zone (Green)
6169,0.08,Safe Zone (Green)
10028,0.02,Safe Zone (Green)
3688,0.02,Safe Zone (Green)
11720,0.07,Safe Zone (Green)
9258,0.06,Safe Zone (Green)
7135,0.25,Low-Risk Zone (Yellow)
2821,0.21,Low-Risk Zone (Yellow)
11003,0.0,Safe Zone (Green)
12328,1.0,High-Risk Zone (Red)
12625,1.0,High-Risk Zone (Red)
8649,0.02,Safe Zone (Green)
14834,1.0,High-Risk Zone (Red)
2536,0.0,Safe Zone (Green)
4110,0.0,Safe Zone (Green)
9685,0.0,Safe Zone (Green)
3910,0.08,Safe Zone (Green)
198,1.0,High-Risk Zone (Red)
5316,0.0,Safe Zone (Green)
7806,0.28,Low-Risk Zone (Yellow)
12248,1.0,High-Risk Zone (Red)
189,0.99,High-Risk Zone (Red)
5084,0.02,Safe Zone (Green)
11998,0.03,Safe Zone (Green)
4255,0.04,Safe Zone (Green)
144,0.99,High-Risk Zone (Red)
8529,0.0,Safe Zone (Green)
13017,0.0,Safe Zone (Green)
13455,0.0,Safe Zone (Green)
6246,0.0,Safe Zone (Green)
3596,0.02,Safe Zone (Green)
9409,0.01,Safe Zone (Green)
838,1.0,High-Risk Zone (Red)
12350,1.0,High-Risk Zone (Red)
3624,0.08,Safe Zone (Green)
9537,0.0,Safe Zone (Green)
7184,0.01,Safe Zone (Green)
8139,0.0,Safe Zone (Green)
9636,0.01,Safe Zone (Green)
10583,0.0,Safe Zone (Green)
1384,1.0,High-Risk Zone (Red)
10764,0.01,Safe Zone (Green)
1757,1.0,High-Risk Zone (Red)
11782,0.0,Safe Zone (Green)
9755,0.03,Safe Zone (Green)
5121,0.0,Safe Zone (Green)
4191,0.0,Safe Zone (Green)
13621,0.02,Safe Zone (Green)
13146,0.1,Safe Zone (Green)
6951,0.0,Safe Zone (Green)
14063,0.0,Safe Zone (Green)
12755,1.0,High-Risk Zone (Red)
1222,1.0,High-Risk Zone (Red)
1338,0.01,Safe Zone (Green)
14976,1.0,High-Risk Zone (Red)
1588,0.34,Low-Risk Zone (Yellow)
12784,0.07,Safe Zone (Green)
1229,1.0,High-Risk Zone (Red)
10858,0.0,Safe Zone (Green)
1498,1.0,High-Risk Zone (Red)
2027,0.0,Safe Zone (Green)
2975,0.0,Safe Zone (Green)
14877,1.0,High-Risk Zone (Red)
1938,1.0,High-Risk Zone (Red)
5102,0.0,Safe Zone (Green)
827,0.08,Safe Zone (Green)
4380,0.0,Safe Zone (Green)
10112,0.04,Safe Zone (Green)
13578,0.0,Safe Zone (Green)
6344,0.0,Safe Zone (Green)
8200,0.11,Safe Zone (Green)
8550,0.0,Safe Zone (Green)
4876,0.01,Safe Zone (Green)
10599,0.0,Safe Zone (Green)
13784,0.08,Safe Zone (Green)
9087,0.02,Safe Zone (Green)
6098,0.0,Safe Zone (Green)
12126,1.0,High-Risk Zone (Red)
6425,0.01,Safe Zone (Green)
14111,0.01,Safe Zone (Green)
56,1.0,High-Risk Zone (Red)
11032,0.0,Safe Zone (Green)
12659,1.0,High-Risk Zone (Red)
12693,1.0,High-Risk Zone (Red)
761,1.0,High-Risk Zone (Red)
4622,0.0,Safe Zone (Green)
7646,0.03,Safe Zone (Green)
2757,0.0,Safe Zone (Green)
5270,0.22,Low-Risk Zone (Yellow)
13215,0.0,Safe Zone (Green)
13377,0.06,Safe Zone (Green)
12279,0.88,Medium-Risk Zone (Orange)
6954,0.0,Safe Zone (Green)
5373,0.0,Safe Zone (Green)
13753,0.03,Safe Zone (Green)
10870,0.04,Safe Zone (Green)
12724,1.0,High-Risk Zone (Red)
595,1.0,High-Risk Zone (Red)
11593,0.0,Safe Zone (Green)
6201,0.01,Safe Zone (Green)
856,1.0,High-Risk Zone (Red)
10648,0.0,Safe Zone (Green)
3230,0.05,Safe Zone (Green)
3978,0.0,Safe Zone (Green)
5700,0.04,Safe Zone (Green)
6301,0.06,Safe Zone (Green)
5174,0.01,Safe Zone (Green)
10645,0.0,Safe Zone (Green)
14813,1.0,High-Risk Zone (Red)
8614,0.0,Safe Zone (Green)
9376,0.0,Safe Zone (Green)
12650,1.0,High-Risk Zone (Red)
4587,0.02,Safe Zone (Green)
89,1.0,High-Risk Zone (Red)
13541,0.04,Safe Zone (Green)
9453,0.0,Safe Zone (Green)
14847,1.0,High-Risk Zone (Red)
14870,1.0,High-Risk Zone (Red)
6455,0.19,Safe Zone (Green)
1089,1.0,High-Risk Zone (Red)
3245,0.04,Safe Zone (Green)
8068,0.0,Safe Zone (Green)
44,1.0,High-Risk Zone (Red)
10656,0.0,Safe Zone (Green)
13641,0.0,Safe Zone (Green)
7553,0.02,Safe Zone (Green)
12098,1.0,High-Risk Zone (Red)
11056,0.02,Safe Zone (Green)
12979,0.0,Safe Zone (Green)
13631,0.0,Safe Zone (Green)
2625,0.19,Safe Zone (Green)
9949,0.01,Safe Zone (Green)
7474,0.0,Safe Zone (Green)
9264,0.03,Safe Zone (Green)
5119,0.0,Safe Zone (Green)
8122,0.0,Safe Zone (Green)
10555,0.02,Safe Zone (Green)
10682,0.03,Safe Zone (Green)
10988,0.09,Safe Zone (Green)
10239,0.02,Safe Zone (Green)
1999,1.0,High-Risk Zone (Red)
6203,0.01,Safe Zone (Green)
852,0.7,Medium-Risk Zone (Orange)
10784,0.14,Safe Zone (Green)
8882,0.17,Safe Zone (Green)
9275,0.0,Safe Zone (Green)
2600,0.0,Safe Zone (Green)
1432,0.86,Medium-Risk Zone (Orange)
1329,1.0,High-Risk Zone (Red)
6538,0.0,Safe Zone (Green)
12585,1.0,High-Risk Zone (Red)
10871,0.01,Safe Zone (Green)
11132,0.07,Safe Zone (Green)
14403,1.0,High-Risk Zone (Red)
13742,0.02,Safe Zone (Green)
14052,0.01,Safe Zone (Green)
5306,0.06,Safe Zone (Green)
5136,0.23,Low-Risk Zone (Yellow)
6355,0.01,Safe Zone (Green)
13370,0.0,Safe Zone (Green)
7841,0.51,Low-Risk Zone (Yellow)
10268,0.06,Safe Zone (Green)
6647,0.02,Safe Zone (Green)
6429,0.02,Safe Zone (Green)
8931,0.0,Safe Zone (Green)
3282,0.01,Safe Zone (Green)
12324,1.0,High-Risk Zone (Red)
10851,0.03,Safe Zone (Green)
9703,0.02,Safe Zone (Green)
13617,0.06,Safe Zone (Green)
2837,0.08,Safe Zone (Green)
4936,0.12,Safe Zone (Green)
8752,0.01,Safe Zone (Green)
10887,0.0,Safe Zone (Green)
11617,0.0,Safe Zone (Green)
9297,0.0,Safe Zone (Green)
6365,0.04,Safe Zone (Green)
3662,0.06,Safe Zone (Green)
4159,0.0,Safe Zone (Green)
13643,0.0,Safe Zone (Green)
7264,0.02,Safe Zone (Green)
10635,0.08,Safe Zone (Green)
5049,0.04,Safe Zone (Green)
9243,0.09,Safe Zone (Green)
6050,0.0,Safe Zone (Green)
13197,0.0,Safe Zone (Green)
4117,0.02,Safe Zone (Green)
13632,0.01,Safe Zone (Green)
7055,0.07,Safe Zone (Green)
13595,0.02,Safe Zone (Green)
8942,0.0,Safe Zone (Green)
13482,0.0,Safe Zone (Green)
3053,0.01,Safe Zone (Green)
14460,1.0,High-Risk Zone (Red)
13086,0.02,Safe Zone (Green)
13081,0.04,Safe Zone (Green)
10563,0.1,Safe Zone (Green)
7370,0.0,Safe Zone (Green)
3598,0.57,Low-Risk Zone (Yellow)
9569,0.0,Safe Zone (Green)
11042,0.0,Safe Zone (Green)
6945,0.0,Safe Zone (Green)
9512,0.11,Safe Zone (Green)
3360,0.0,Safe Zone (Green)
6523,0.0,Safe Zone (Green)
2753,0.0,Safe Zone (Green)
14425,1.0,High-Risk Zone (Red)
13104,0.02,Safe Zone (Green)
6837,0.0,Safe Zone (Green)
3197,0.0,Safe Zone (Green)
9341,0.02,Safe Zone (Green)
11783,0.0,Safe Zone (Green)
2936,0.0,Safe Zone (Green)
9730,0.02,Safe Zone (Green)
941,1.0,High-Risk Zone (Red)
10465,0.05,Safe Zone (Green)
10013,0.04,Safe Zone (Green)
10335,0.18,Safe Zone (Green)
10432,0.0,Safe Zone (Green)
527,1.0,High-Risk Zone (Red)
8142,0.0,Safe Zone (Green)
4563,0.02,Safe Zone (Green)
2060,0.0,Safe Zone (Green)
1862,1.0,High-Risk Zone (Red)
9991,0.1,Safe Zone (Green)
123,0.99,High-Risk Zone (Red)
2113,0.0,Safe Zone (Green)
8808,0.44,Low-Risk Zone (Yellow)
5866,0.3,Low-Risk Zone (Yellow)
13855,0.01,Safe Zone (Green)
14739,1.0,High-Risk Zone (Red)
5988,0.02,Safe Zone (Green)
4509,0.01,Safe Zone (Green)
5921,0.02,Safe Zone (Green)
8284,0.0,Safe Zone (Green)
14925,1.0,High-Risk Zone (Red)
4201,0.0,Safe Zone (Green)
9631,0.04,Safe Zone (Green)
4472,0.0,Safe Zone (Green)
1441,0.98,High-Risk Zone (Red)
13866,0.0,Safe Zone (Green)
12104,1.0,High-Risk Zone (Red)
12260,1.0,High-Risk Zone (Red)
14581,1.0,High-Risk Zone (Red)
6019,0.02,Safe Zone (Green)
2145,0.05,Safe Zone (Green)
10734,0.0,Safe Zone (Green)
61,1.0,High-Risk Zone (Red)
5447,0.01,Safe Zone (Green)
6004,0.0,Safe Zone (Green)
8694,0.0,Safe Zone (Green)
11316,0.01,Safe Zone (Green)
8806,0.17,Safe Zone (Green)
3558,0.03,Safe Zone (Green)
522,1.0,High-Risk Zone (Red)
13499,0.0,Safe Zone (Green)
12188,1.0,High-Risk Zone (Red)
4174,0.14,Safe Zone (Green)
12056,1.0,High-Risk Zone (Red)
11528,0.02,Safe Zone (Green)
1082,0.93,High-Risk Zone (Red)
10593,0.0,Safe Zone (Green)
1784,0.96,High-Risk Zone (Red)
11413,0.07,Safe Zone (Green)
1712,0.98,High-Risk Zone (Red)
1654,1.0,High-Risk Zone (Red)
13638,0.0,Safe Zone (Green)
11357,0.0,Safe Zone (Green)
1594,1.0,High-Risk Zone (Red)
3994,0.01,Safe Zone (Green)
454,0.99,High-Risk Zone (Red)
10479,0.26,Low-Risk Zone (Yellow)
5439,0.02,Safe Zone (Green)
11386,0.0,Safe Zone (Green)
5156,0.12,Safe Zone (Green)
3452,0.0,Safe Zone (Green)
3902,0.11,Safe Zone (Green)
4480,0.02,Safe Zone (Green)
7350,0.02,Safe Zone (Green)
7660,0.03,Safe Zone (Green)
5486,0.02,Safe Zone (Green)
1476,0.77,Medium-Risk Zone (Orange)
558,1.0,High-Risk Zone (Red)
11978,0.0,Safe Zone (Green)
5541,0.1,Safe Zone (Green)
11713,0.0,Safe Zone (Green)
4262,0.0,Safe Zone (Green)
476,1.0,High-Risk Zone (Red)
11333,0.0,Safe Zone (Green)
2979,0.01,Safe Zone (Green)
3264,0.0,Safe Zone (Green)
883,1.0,High-Risk Zone (Red)
1714,1.0,High-Risk Zone (Red)
12789,0.0,Safe Zone (Green)
4221,0.14,Safe Zone (Green)
1909,0.74,Medium-Risk Zone (Orange)
3958,0.01,Safe Zone (Green)
1709,1.0,High-Risk Zone (Red)
2690,0.11,Safe Zone (Green)
9601,0.01,Safe Zone (Green)
9203,0.25,Low-Risk Zone (Yellow)
14027,0.0,Safe Zone (Green)
6703,0.0,Safe Zone (Green)
5981,0.0,Safe Zone (Green)
10172,0.18,Safe Zone (Green)
2922,0.01,Safe Zone (Green)
6970,0.03,Safe Zone (Green)
11450,0.0,Safe Zone (Green)
8413,0.11,Safe Zone (Green)
5704,0.06,Safe Zone (Green)
9669,0.0,Safe Zone (Green)
6143,0.14,Safe Zone (Green)
14389,1.0,High-Risk Zone (Red)
4425,0.07,Safe Zone (Green)
10680,0.01,Safe Zone (Green)
13652,0.0,Safe Zone (Green)
1264,0.96,High-Risk Zone (Red)
1292,1.0,High-Risk Zone (Red)
14520,1.0,High-Risk Zone (Red)
13873,0.0,Safe Zone (Green)
2250,0.23,Low-Risk Zone (Yellow)
11352,0.0,Safe Zone (Green)
10192,0.02,Safe Zone (Green)
9330,0.0,Safe Zone (Green)
9432,0.01,Safe Zone (Green)
13195,0.02,Safe Zone (Green)
11542,0.03,Safe Zone (Green)
741,0.82,Medium-Risk Zone (Orange)
3657,0.0,Safe Zone (Green)
1293,0.1,Safe Zone (Green)
12836,0.03,Safe Zone (Green)
8597,0.0,Safe Zone (Green)
5637,0.01,Safe Zone (Green)
13047,0.0,Safe Zone (Green)
11623,0.02,Safe Zone (Green)
3718,0.0,Safe Zone (Green)
10226,0.0,Safe Zone (Green)
5600,0.56,Low-Risk Zone (Yellow)
6984,0.0,Safe Zone (Green)
14012,0.0,Safe Zone (Green)
10815,0.0,Safe Zone (Green)
9884,0.01,Safe Zone (Green)
9422,0.0,Safe Zone (Green)
3703,0.0,Safe Zone (Green)
9749,0.09,Safe Zone (Green)
12652,1.0,High-Risk Zone (Red)
8795,0.27,Low-Risk Zone (Yellow)
9163,0.0,Safe Zone (Green)
2356,0.01,Safe Zone (Green)
7853,0.0,Safe Zone (Green)
1666,1.0,High-Risk Zone (Red)
12498,1.0,High-Risk Zone (Red)
11409,0.0,Safe Zone (Green)
13460,0.01,Safe Zone (Green)
566,1.0,High-Risk Zone (Red)
1609,0.11,Safe Zone (Green)
12810,0.0,Safe Zone (Green)
1039,0.95,High-Risk Zone (Red)
13553,0.02,Safe Zone (Green)
12866,0.0,Safe Zone (Green)
13173,0.01,Safe Zone (Green)
5500,0.0,Safe Zone (Green)
8417,0.01,Safe Zone (Green)
7821,0.23,Low-Risk Zone (Yellow)
1280,0.9,High-Risk Zone (Red)
11737,0.0,Safe Zone (Green)
7426,0.02,Safe Zone (Green)
7318,0.12,Safe Zone (Green)
2998,0.01,Safe Zone (Green)
12094,1.0,High-Risk Zone (Red)
10671,0.28,Low-Risk Zone (Yellow)
8154,0.0,Safe Zone (Green)
6328,0.08,Safe Zone (Green)
12952,0.0,Safe Zone (Green)
3702,0.0,Safe Zone (Green)
787,1.0,High-Risk Zone (Red)
629,1.0,High-Risk Zone (Red)
1994,1.0,High-Risk Zone (Red)
4529,0.07,Safe Zone (Green)
9222,0.0,Safe Zone (Green)
6036,0.02,Safe Zone (Green)
2962,0.0,Safe Zone (Green)
14327,0.92,High-Risk Zone (Red)
10083,0.02,Safe Zone (Green)
4887,0.13,Safe Zone (Green)
12897,0.0,Safe Zone (Green)
7728,0.0,Safe Zone (Green)
6885,0.01,Safe Zone (Green)
12403,0.98,High-Risk Zone (Red)
14108,0.0,Safe Zone (Green)
11578,0.01,Safe Zone (Green)
14291,1.0,High-Risk Zone (Red)
10336,0.0,Safe Zone (Green)
12855,0.01,Safe Zone (Green)
11491,0.03,Safe Zone (Green)
10473,0.0,Safe Zone (Green)
3536,0.16,Safe Zone (Green)
8322,0.18,Safe Zone (Green)
4278,0.02,Safe Zone (Green)
14152,0.02,Safe Zone (Green)
11338,0.02,Safe Zone (Green)
12147,1.0,High-Risk Zone (Red)
6231,0.02,Safe Zone (Green)
13743,0.0,Safe Zone (Green)
8087,0.0,Safe Zone (Green)
4489,0.16,Safe Zone (Green)
13616,0.0,Safe Zone (Green)
12627,1.0,High-Risk Zone (Red)
6939,0.04,Safe Zone (Green)
860,0.95,High-Risk Zone (Red)
7141,0.01,Safe Zone (Green)
2039,0.05,Safe Zone (Green)
8962,0.0,Safe Zone (Green)
2029,0.17,Safe Zone (Green)
14517,1.0,High-Risk Zone (Red)
3209,0.04,Safe Zone (Green)
488,1.0,High-Risk Zone (Red)
2401,0.0,Safe Zone (Green)
589,1.0,High-Risk Zone (Red)
14770,1.0,High-Risk Zone (Red)
8687,0.0,Safe Zone (Green)
5078,0.0,Safe Zone (Green)
11055,0.0,Safe Zone (Green)
13188,0.01,Safe Zone (Green)
5331,0.0,Safe Zone (Green)
14177,0.0,Safe Zone (Green)
8455,0.06,Safe Zone (Green)
9099,0.0,Safe Zone (Green)
9391,0.05,Safe Zone (Green)
6293,0.01,Safe Zone (Green)
8871,0.0,Safe Zone (Green)
637,1.0,High-Risk Zone (Red)
2489,0.0,Safe Zone (Green)
14526,0.98,High-Risk Zone (Red)
423,0.99,High-Risk Zone (Red)
28,1.0,High-Risk Zone (Red)
8428,0.05,Safe Zone (Green)
8319,0.04,Safe Zone (Green)
7958,0.0,Safe Zone (Green)
12960,0.0,Safe Zone (Green)
3752,0.04,Safe Zone (Green)
11972,0.01,Safe Zone (Green)
8715,0.01,Safe Zone (Green)
6466,1.0,High-Risk Zone (Red)
111,0.99,High-Risk Zone (Red)
9045,0.02,Safe Zone (Green)
763,1.0,High-Risk Zone (Red)
1561,0.99,High-Risk Zone (Red)
4993,0.0,Safe Zone (Green)
799,1.0,High-Risk Zone (Red)
14776,0.93,High-Risk Zone (Red)
1088,0.94,High-Risk Zone (Red)
8703,0.01,Safe Zone (Green)
12583,1.0,High-Risk Zone (Red)
6550,0.0,Safe Zone (Green)
1467,1.0,High-Risk Zone (Red)
14483,1.0,High-Risk Zone (Red)
12628,1.0,High-Risk Zone (Red)
9044,0.0,Safe Zone (Green)
13419,0.02,Safe Zone (Green)
10487,0.03,Safe Zone (Green)
1881,1.0,High-Risk Zone (Red)
1925,0.84,Medium-Risk Zone (Orange)
9147,0.0,Safe Zone (Green)
10956,0.0,Safe Zone (Green)
1735,1.0,High-Risk Zone (Red)
14371,1.0,High-Risk Zone (Red)
1145,0.99,High-Risk Zone (Red)
5131,0.18,Safe Zone (Green)
7313,0.05,Safe Zone (Green)
2302,0.04,Safe Zone (Green)
9077,0.0,Safe Zone (Green)
713,0.99,High-Risk Zone (Red)
12910,0.08,Safe Zone (Green)
12926,0.0,Safe Zone (Green)
1386,1.0,High-Risk Zone (Red)
6731,0.13,Safe Zone (Green)
9382,0.0,Safe Zone (Green)
3968,0.03,Safe Zone (Green)
13334,0.0,Safe Zone (Green)
5402,0.28,Low-Risk Zone (Yellow)
1731,1.0,High-Risk Zone (Red)
6053,0.01,Safe Zone (Green)
12943,0.02,Safe Zone (Green)
14574,1.0,High-Risk Zone (Red)
8670,0.09,Safe Zone (Green)
692,1.0,High-Risk Zone (Red)
5424,0.01,Safe Zone (Green)
12084,1.0,High-Risk Zone (Red)
5635,0.05,Safe Zone (Green)
12872,0.0,Safe Zone (Green)
3098,0.04,Safe Zone (Green)
1515,0.8,Medium-Risk Zone (Orange)
2126,0.0,Safe Zone (Green)
11272,0.02,Safe Zone (Green)
5356,0.59,Low-Risk Zone (Yellow)
7271,0.02,Safe Zone (Green)
1122,1.0,High-Risk Zone (Red)
11806,0.0,Safe Zone (Green)
4709,0.11,Safe Zone (Green)
8916,0.0,Safe Zone (Green)
14102,0.05,Safe Zone (Green)
5561,0.05,Safe Zone (Green)
8220,0.0,Safe Zone (Green)
133,1.0,High-Risk Zone (Red)
4240,0.29,Low-Risk Zone (Yellow)
5186,0.0,Safe Zone (Green)
1833,1.0,High-Risk Zone (Red)
7966,0.01,Safe Zone (Green)
7106,0.01,Safe Zone (Green)
1684,1.0,High-Risk Zone (Red)
11425,0.0,Safe Zone (Green)
5262,0.14,Safe Zone (Green)
1998,0.99,High-Risk Zone (Red)
6191,0.01,Safe Zone (Green)
422,1.0,High-Risk Zone (Red)
8052,0.01,Safe Zone (Green)
6113,0.02,Safe Zone (Green)
8631,0.12,Safe Zone (Green)
4635,0.04,Safe Zone (Green)
12841,0.0,Safe Zone (Green)
5892,0.0,Safe Zone (Green)
12178,1.0,High-Risk Zone (Red)
5217,0.0,Safe Zone (Green)
6817,0.15,Safe Zone (Green)
13906,0.0,Safe Zone (Green)
3525,0.4,Low-Risk Zone (Yellow)
12146,1.0,High-Risk Zone (Red)
13977,0.0,Safe Zone (Green)
2170,0.16,Safe Zone (Green)
5992,0.0,Safe Zone (Green)
12493,1.0,High-Risk Zone (Red)
1611,1.0,High-Risk Zone (Red)
9470,0.0,Safe Zone (Green)
1760,1.0,High-Risk Zone (Red)
14843,0.99,High-Risk Zone (Red)
13883,0.01,Safe Zone (Green)
7094,0.0,Safe Zone (Green)
10332,0.03,Safe Zone (Green)
5712,0.0,Safe Zone (Green)
1076,1.0,High-Risk Zone (Red)
5940,0.0,Safe Zone (Green)
13803,0.01,Safe Zone (Green)
9346,0.0,Safe Zone (Green)
14630,0.92,High-Risk Zone (Red)
13614,0.0,Safe Zone (Green)
2635,0.0,Safe Zone (Green)
3735,0.24,Low-Risk Zone (Yellow)
13243,0.0,Safe Zone (Green)
13678,0.01,Safe Zone (Green)
8699,0.03,Safe Zone (Green)
4002,0.14,Safe Zone (Green)
14125,0.02,Safe Zone (Green)
11011,0.04,Safe Zone (Green)
2047,0.01,Safe Zone (Green)
8180,0.0,Safe Zone (Green)
12921,0.0,Safe Zone (Green)
9835,0.04,Safe Zone (Green)
4894,0.03,Safe Zone (Green)
3639,0.04,Safe Zone (Green)
9245,0.08,Safe Zone (Green)
1952,1.0,High-Risk Zone (Red)
14294,1.0,High-Risk Zone (Red)
11267,0.0,Safe Zone (Green)
5365,0.01,Safe Zone (Green)
11376,0.0,Safe Zone (Green)
11702,0.0,Safe Zone (Green)
8676,0.02,Safe Zone (Green)
5881,0.01,Safe Zone (Green)
2708,0.02,Safe Zone (Green)
6713,0.05,Safe Zone (Green)
14407,0.98,High-Risk Zone (Red)
14281,0.87,Medium-Risk Zone (Orange)
3605,0.07,Safe Zone (Green)
13978,0.01,Safe Zone (Green)
5451,0.17,Safe Zone (Green)
5065,0.06,Safe Zone (Green)
14993,0.94,High-Risk Zone (Red)
12749,1.0,High-Risk Zone (Red)
10726,0.04,Safe Zone (Green)
5118,0.0,Safe Zone (Green)
13930,0.0,Safe Zone (Green)
9887,0.02,Safe Zone (Green)
14848,1.0,High-Risk Zone (Red)
3919,0.02,Safe Zone (Green)
1795,0.94,High-Risk Zone (Red)
11354,0.02,Safe Zone (Green)
2531,0.02,Safe Zone (Green)
6133,0.07,Safe Zone (Green)
5582,0.02,Safe Zone (Green)
11504,0.01,Safe Zone (Green)
887,1.0,High-Risk Zone (Red)
5786,0.0,Safe Zone (Green)
3346,0.0,Safe Zone (Green)
1167,0.97,High-Risk Zone (Red)
5325,0.0,Safe Zone (Green)
5355,0.08,Safe Zone (Green)
13748,0.01,Safe Zone (Green)
9647,0.07,Safe Zone (Green)
8775,0.0,Safe Zone (Green)
4878,0.07,Safe Zone (Green)
11732,0.0,Safe Zone (Green)
2441,0.12,Safe Zone (Green)
14896,1.0,High-Risk Zone (Red)
7000,0.0,Safe Zone (Green)
14900,0.99,High-Risk Zone (Red)
12683,0.67,Medium-Risk Zone (Orange)
6327,0.0,Safe Zone (Green)
3136,0.0,Safe Zone (Green)
1534,1.0,High-Risk Zone (Red)
10614,0.0,Safe Zone (Green)
5555,0.05,Safe Zone (Green)
8870,0.0,Safe Zone (Green)
7561,0.0,Safe Zone (Green)
7635,0.02,Safe Zone (Green)
12845,0.02,Safe Zone (Green)
3874,0.09,Safe Zone (Green)
7672,0.08,Safe Zone (Green)
11028,0.0,Safe Zone (Green)
3465,0.17,Safe Zone (Green)
9088,0.0,Safe Zone (Green)
12485,0.96,High-Risk Zone (Red)
268,1.0,High-Risk Zone (Red)
4627,0.05,Safe Zone (Green)
8347,0.02,Safe Zone (Green)
9568,0.16,Safe Zone (Green)
1711,1.0,High-Risk Zone (Red)
3526,0.04,Safe Zone (Green)
7011,0.0,Safe Zone (Green)
10426,0.08,Safe Zone (Green)
142,1.0,High-Risk Zone (Red)
6492,0.01,Safe Zone (Green)
258,1.0,High-Risk Zone (Red)
3950,0.0,Safe Zone (Green)
7438,0.03,Safe Zone (Green)
7473,0.14,Safe Zone (Green)
3005,0.08,Safe Zone (Green)
13856,0.0,Safe Zone (Green)
3235,0.01,Safe Zone (Green)
782,0.91,High-Risk Zone (Red)
285,1.0,High-Risk Zone (Red)
13912,0.01,Safe Zone (Green)
3622,0.04,Safe Zone (Green)
4206,0.0,Safe Zone (Green)
13142,0.0,Safe Zone (Green)
11728,0.0,Safe Zone (Green)
12860,0.0,Safe Zone (Green)
12703,1.0,High-Risk Zone (Red)
10804,0.0,Safe Zone (Green)
3143,0.0,Safe Zone (Green)
5574,0.06,Safe Zone (Green)
12424,1.0,High-Risk Zone (Red)
480,1.0,High-Risk Zone (Red)
7201,0.17,Safe Zone (Green)
760,1.0,High-Risk Zone (Red)
12063,1.0,High-Risk Zone (Red)
7971,0.0,Safe Zone (Green)
8354,0.04,Safe Zone (Green)
7353,0.0,Safe Zone (Green)
10749,0.0,Safe Zone (Green)
5886,0.0,Safe Zone (Green)
11099,0.0,Safe Zone (Green)
6193,0.06,Safe Zone (Green)
8131,0.0,Safe Zone (Green)
10714,0.11,Safe Zone (Green)
13923,0.0,Safe Zone (Green)
8173,0.0,Safe Zone (Green)
7255,0.07,Safe Zone (Green)
4920,0.0,Safe Zone (Green)
3274,0.03,Safe Zone (Green)
5425,0.03,Safe Zone (Green)
12461,1.0,High-Risk Zone (Red)
2191,0.0,Safe Zone (Green)
13919,0.07,Safe Zone (Green)
1040,1.0,High-Risk Zone (Red)
10120,0.0,Safe Zone (Green)
10779,0.0,Safe Zone (Green)
1159,1.0,High-Risk Zone (Red)
6309,0.02,Safe Zone (Green)
10894,0.05,Safe Zone (Green)
266,1.0,High-Risk Zone (Red)
14625,1.0,High-Risk Zone (Red)
7907,0.06,Safe Zone (Green)
552,1.0,High-Risk Zone (Red)
6262,0.0,Safe Zone (Green)
5631,0.01,Safe Zone (Green)
3427,0.0,Safe Zone (Green)
868,0.99,High-Risk Zone (Red)
8026,0.01,Safe Zone (Green)
8085,0.03,Safe Zone (Green)
12033,1.0,High-Risk Zone (Red)
5925,0.0,Safe Zone (Green)
3730,0.0,Safe Zone (Green)
1556,1.0,High-Risk Zone (Red)
7622,0.0,Safe Zone (Green)
3870,0.04,Safe Zone (Green)
165,1.0,High-Risk Zone (Red)
9746,0.1,Safe Zone (Green)
4495,0.01,Safe Zone (Green)
11139,0.05,Safe Zone (Green)
9828,0.36,Low-Risk Zone (Yellow)
3157,0.0,Safe Zone (Green)
5358,0.0,Safe Zone (Green)
2933,0.03,Safe Zone (Green)
5185,0.0,Safe Zone (Green)
4941,0.04,Safe Zone (Green)
12550,1.0,High-Risk Zone (Red)
8830,0.0,Safe Zone (Green)
8034,0.02,Safe Zone (Green)
7443,0.94,High-Risk Zone (Red)
5622,0.07,Safe Zone (Green)
2268,0.12,Safe Zone (Green)
3142,0.01,Safe Zone (Green)
11123,0.0,Safe Zone (Green)
12272,1.0,High-Risk Zone (Red)
10711,0.01,Safe Zone (Green)
7571,0.0,Safe Zone (Green)
6057,0.03,Safe Zone (Green)
13487,0.01,Safe Zone (Green)
14887,1.0,High-Risk Zone (Red)
14994,1.0,High-Risk Zone (Red)
7940,0.01,Safe Zone (Green)
14324,1.0,High-Risk Zone (Red)
9892,0.0,Safe Zone (Green)
3343,0.0,Safe Zone (Green)
13055,0.0,Safe Zone (Green)
1479,1.0,High-Risk Zone (Red)
13853,0.0,Safe Zone (Green)
6820,0.01,Safe Zone (Green)
9677,0.04,Safe Zone (Green)
5797,0.21,Low-Risk Zone (Yellow)
11697,0.0,Safe Zone (Green)
14828,1.0,High-Risk Zone (Red)
6833,0.0,Safe Zone (Green)
7257,0.05,Safe Zone (Green)
10072,0.03,Safe Zone (Green)
4624,0.17,Safe Zone (Green)
13759,0.01,Safe Zone (Green)
7290,0.2,Low-Risk Zone (Yellow)
14512,0.97,High-Risk Zone (Red)
7211,0.01,Safe Zone (Green)
12704,0.62,Medium-Risk Zone (Orange)
7517,0.13,Safe Zone (Green)
2436,0.0,Safe Zone (Green)
14479,1.0,High-Risk Zone (Red)
8416,0.08,Safe Zone (Green)
5592,0.01,Safe Zone (Green)
2274,0.0,Safe Zone (Green)
14411,0.98,High-Risk Zone (Red)
14312,1.0,High-Risk Zone (Red)
14399,1.0,High-Risk Zone (Red)
14713,1.0,High-Risk Zone (Red)
8040,0.02,Safe Zone (Green)
13537,0.02,Safe Zone (Green)
2266,0.0,Safe Zone (Green)
3609,0.01,Safe Zone (Green)
4842,0.2,Low-Risk Zone (Yellow)
5675,0.0,Safe Zone (Green)
5387,0.0,Safe Zone (Green)
1942,1.0,High-Risk Zone (Red)
6976,0.0,Safe Zone (Green)
3101,0.0,Safe Zone (Green)
7687,0.03,Safe Zone (Green)
6202,0.07,Safe Zone (Green)
1119,1.0,High-Risk Zone (Red)
4170,0.19,Safe Zone (Green)
4924,0.01,Safe Zone (Green)
8275,0.01,Safe Zone (Green)
2894,0.0,Safe Zone (Green)
9661,0.07,Safe Zone (Green)
5199,0.42,Low-Risk Zone (Yellow)
2291,0.02,Safe Zone (Green)
11325,0.0,Safe Zone (Green)
227,1.0,High-Risk Zone (Red)
12851,0.01,Safe Zone (Green)
14702,1.0,High-Risk Zone (Red)
6636,0.07,Safe Zone (Green)
7818,0.3,Low-Risk Zone (Yellow)
7418,0.03,Safe Zone (Green)
10019,0.05,Safe Zone (Green)
14515,1.0,High-Risk Zone (Red)
9133,0.1,Safe Zone (Green)
11288,0.0,Safe Zone (Green)
129,1.0,High-Risk Zone (Red)
9122,0.01,Safe Zone (Green)
5914,0.0,Safe Zone (Green)
9544,0.06,Safe Zone (Green)
11218,0.02,Safe Zone (Green)
12946,0.01,Safe Zone (Green)
13416,0.01,Safe Zone (Green)
11107,0.01,Safe Zone (Green)
12393,1.0,High-Risk Zone (Red)
14775,1.0,High-Risk Zone (Red)
10792,0.0,Safe Zone (Green)
1127,1.0,High-Risk Zone (Red)
8563,0.14,Safe Zone (Green)
10980,0.0,Safe Zone (Green)
11858,0.0,Safe Zone (Green)
7169,0.08,Safe Zone (Green)
14983,0.98,High-Risk Zone (Red)
12638,0.99,High-Risk Zone (Red)
9448,0.06,Safe Zone (Green)
2109,0.0,Safe Zone (Green)
3731,0.0,Safe Zone (Green)
5273,0.07,Safe Zone (Green)
3192,0.02,Safe Zone (Green)
1011,1.0,High-Risk Zone (Red)
8115,0.06,Safe Zone (Green)
14820,1.0,High-Risk Zone (Red)
5572,0.0,Safe Zone (Green)
4902,0.07,Safe Zone (Green)
9333,0.0,Safe Zone (Green)
1183,0.97,High-Risk Zone (Red)
8628,0.05,Safe Zone (Green)
4105,0.0,Safe Zone (Green)
13362,0.0,Safe Zone (Green)
7429,0.01,Safe Zone (Green)
2710,0.03,Safe Zone (Green)
13326,0.01,Safe Zone (Green)
7061,0.02,Safe Zone (Green)
11630,0.0,Safe Zone (Green)
10897,0.0,Safe Zone (Green)
10523,0.08,Safe Zone (Green)
10458,0.01,Safe Zone (Green)
13983,0.0,Safe Zone (Green)
9527,0.07,Safe Zone (Green)
5573,0.07,Safe Zone (Green)
11994,0.0,Safe Zone (Green)
7965,0.0,Safe Zone (Green)
921,1.0,High-Risk Zone (Red)
2458,0.05,Safe Zone (Green)
12496,1.0,High-Risk Zone (Red)
951,1.0,High-Risk Zone (Red)
4947,0.08,Safe Zone (Green)
3689,0.0,Safe Zone (Green)
554,1.0,High-Risk Zone (Red)
514,1.0,High-Risk Zone (Red)
4161,0.11,Safe Zone (Green)
11054,0.0,Safe Zone (Green)
1260,0.99,High-Risk Zone (Red)
5796,0.01,Safe Zone (Green)
4927,0.0,Safe Zone (Green)
8917,0.0,Safe Zone (Green)
9554,0.0,Safe Zone (Green)
11915,0.12,Safe Zone (Green)
3911,0.0,Safe Zone (Green)
736,1.0,High-Risk Zone (Red)
14855,0.93,High-Risk Zone (Red)
9038,0.01,Safe Zone (Green)
9279,0.0,Safe Zone (Green)
12111,0.99,High-Risk Zone (Red)
128,1.0,High-Risk Zone (Red)
13615,0.0,Safe Zone (Green)
7015,0.03,Safe Zone (Green)
9224,0.05,Safe Zone (Green)
8224,0.19,Safe Zone (Green)
14513,1.0,High-Risk Zone (Red)
13276,0.1,Safe Zone (Green)
12095,1.0,High-Risk Zone (Red)
10929,0.03,Safe Zone (Green)
3104,0.01,Safe Zone (Green)
11531,0.02,Safe Zone (Green)
10435,0.01,Safe Zone (Green)
12078,1.0,High-Risk Zone (Red)
1296,0.98,High-Risk Zone (Red)
2672,0.0,Safe Zone (Green)
6071,0.04,Safe Zone (Green)
2049,0.0,Safe Zone (Green)
1227,1.0,High-Risk Zone (Red)
5412,0.01,Safe Zone (Green)
10195,0.01,Safe Zone (Green)
6021,0.03,Safe Zone (Green)
14404,1.0,High-Risk Zone (Red)
3789,0.01,Safe Zone (Green)
5258,0.0,Safe Zone (Green)
6390,0.01,Safe Zone (Green)
14554,1.0,High-Risk Zone (Red)
14725,1.0,High-Risk Zone (Red)
8640,0.2,Low-Risk Zone (Yellow)
3524,0.0,Safe Zone (Green)
6092,0.04,Safe Zone (Green)
8370,0.06,Safe Zone (Green)
14090,0.0,Safe Zone (Green)
3826,0.0,Safe Zone (Green)
14988,1.0,High-Risk Zone (Red)
6823,0.09,Safe Zone (Green)
8443,0.16,Safe Zone (Green)
14227,1.0,High-Risk Zone (Red)
12370,1.0,High-Risk Zone (Red)
10298,0.01,Safe Zone (Green)
1010,1.0,High-Risk Zone (Red)
8013,0.01,Safe Zone (Green)
766,0.75,Medium-Risk Zone (Orange)
9414,0.01,Safe Zone (Green)
97,1.0,High-Risk Zone (Red)
9518,0.0,Safe Zone (Green)
10245,0.0,Safe Zone (Green)
12764,0.99,High-Risk Zone (Red)
3241,0.18,Safe Zone (Green)
14589,0.72,Medium-Risk Zone (Orange)
8653,0.03,Safe Zone (Green)
6392,0.0,Safe Zone (Green)
9984,0.02,Safe Zone (Green)
8773,0.0,Safe Zone (Green)
14199,0.01,Safe Zone (Green)
13790,0.05,Safe Zone (Green)
4626,0.01,Safe Zone (Green)
5560,0.03,Safe Zone (Green)
3354,0.0,Safe Zone (Green)
12217,0.99,High-Risk Zone (Red)
6883,0.65,Medium-Risk Zone (Orange)
8736,0.08,Safe Zone (Green)
7525,0.04,Safe Zone (Green)
6638,0.03,Safe Zone (Green)
13642,0.01,Safe Zone (Green)
7919,0.01,Safe Zone (Green)
5623,0.08,Safe Zone (Green)
11366,0.01,Safe Zone (Green)
13083,0.03,Safe Zone (Green)
3327,0.0,Safe Zone (Green)
4021,0.0,Safe Zone (Green)
14632,1.0,High-Risk Zone (Red)
12179,1.0,High-Risk Zone (Red)
717,1.0,High-Risk Zone (Red)
2259,0.0,Safe Zone (Green)
4023,0.17,Safe Zone (Green)
5875,0.13,Safe Zone (Green)
11690,0.0,Safe Zone (Green)
10181,0.07,Safe Zone (Green)
8783,0.0,Safe Zone (Green)
2695,0.03,Safe Zone (Green)
2764,0.0,Safe Zone (Green)
13788,0.01,Safe Zone (Green)
2951,0.06,Safe Zone (Green)
12433,0.98,High-Risk Zone (Red)
11840,0.0,Safe Zone (Green)
6269,0.04,Safe Zone (Green)
11397,0.0,Safe Zone (Green)
3269,0.0,Safe Zone (Green)
5035,0.01,Safe Zone (Green)
10187,0.0,Safe Zone (Green)
11515,0.03,Safe Zone (Green)
10673,0.05,Safe Zone (Green)
7341,0.0,Safe Zone (Green)
750,1.0,High-Risk Zone (Red)
3923,0.01,Safe Zone (Green)
559,1.0,High-Risk Zone (Red)
9244,0.03,Safe Zone (Green)
11612,0.06,Safe Zone (Green)
13421,0.01,Safe Zone (Green)
8155,0.01,Safe Zone (Green)
8781,0.04,Safe Zone (Green)
10108,0.05,Safe Zone (Green)
11822,0.0,Safe Zone (Green)
5313,0.01,Safe Zone (Green)
11912,0.01,Safe Zone (Green)
11453,0.0,Safe Zone (Green)
685,0.99,High-Risk Zone (Red)
9841,0.0,Safe Zone (Green)
435,1.0,High-Risk Zone (Red)
720,1.0,High-Risk Zone (Red)
7016,0.08,Safe Zone (Green)
11991,0.01,Safe Zone (Green)
2183,0.17,Safe Zone (Green)
4165,0.0,Safe Zone (Green)
11512,0.01,Safe Zone (Green)
1028,0.93,High-Risk Zone (Red)
1830,1.0,High-Risk Zone (Red)
3514,0.0,Safe Zone (Green)
6486,0.0,Safe Zone (Green)
4349,0.04,Safe Zone (Green)
5971,0.01,Safe Zone (Green)
11471,0.01,Safe Zone (Green)
5565,0.58,Low-Risk Zone (Yellow)
10943,0.01,Safe Zone (Green)
6756,0.0,Safe Zone (Green)
7664,0.35,Low-Risk Zone (Yellow)
13085,0.01,Safe Zone (Green)
8572,0.0,Safe Zone (Green)
9853,0.01,Safe Zone (Green)
12696,1.0,High-Risk Zone (Red)
3782,0.15,Safe Zone (Green)
12074,1.0,High-Risk Zone (Red)
3876,0.0,Safe Zone (Green)
2522,0.0,Safe Zone (Green)
5243,0.0,Safe Zone (Green)
5048,0.0,Safe Zone (Green)
2205,0.02,Safe Zone (Green)
9894,0.01,Safe Zone (Green)
12115,1.0,High-Risk Zone (Red)
14821,1.0,High-Risk Zone (Red)
1943,1.0,High-Risk Zone (Red)
2636,0.03,Safe Zone (Green)
13770,0.01,Safe Zone (Green)
14058,0.0,Safe Zone (Green)
3759,0.0,Safe Zone (Green)
6386,0.01,Safe Zone (Green)
3663,0.07,Safe Zone (Green)
7957,0.08,Safe Zone (Green)
3960,0.0,Safe Zone (Green)
80,1.0,High-Risk Zone (Red)
1030,0.99,High-Risk Zone (Red)
13438,0.07,Safe Zone (Green)
6773,0.0,Safe Zone (Green)
13465,0.07,Safe Zone (Green)
11733,0.0,Safe Zone (Green)
6507,0.0,Safe Zone (Green)
580,1.0,High-Risk Zone (Red)
7448,0.01,Safe Zone (Green)
9781,1.0,High-Risk Zone (Red)
10946,0.0,Safe Zone (Green)
4817,0.5,Low-Risk Zone (Yellow)
4103,0.06,Safe Zone (Green)
3924,0.02,Safe Zone (Green)
13463,0.01,Safe Zone (Green)
10121,0.01,Safe Zone (Green)
14172,0.2,Low-Risk Zone (Yellow)
10206,0.12,Safe Zone (Green)
6382,0.18,Safe Zone (Green)
2022,0.01,Safe Zone (Green)
14253,1.0,High-Risk Zone (Red)
1466,0.99,High-Risk Zone (Red)
6288,0.02,Safe Zone (Green)
14124,0.0,Safe Zone (Green)
5064,0.11,Safe Zone (Green)
11199,0.0,Safe Zone (Green)
11986,0.03,Safe Zone (Green)
11549,0.02,Safe Zone (Green)
8934,0.12,Safe Zone (Green)
12256,0.99,High-Risk Zone (Red)
5052,0.01,Safe Zone (Green)
10699,0.08,Safe Zone (Green)
13498,0.0,Safe Zone (Green)
13674,0.0,Safe Zone (Green)
14234,1.0,High-Risk Zone (Red)
1367,1.0,High-Risk Zone (Red)
10075,0.0,Safe Zone (Green)
4621,0.12,Safe Zone (Green)
9674,0.0,Safe Zone (Green)
6815,0.0,Safe Zone (Green)
9454,0.08,Safe Zone (Green)
7762,0.94,High-Risk Zone (Red)
7250,0.01,Safe Zone (Green)
9587,0.02,Safe Zone (Green)
12756,1.0,High-Risk Zone (Red)
10564,0.02,Safe Zone (Green)
1439,0.75,Medium-Risk Zone (Orange)
29,1.0,High-Risk Zone (Red)
11658,0.02,Safe Zone (Green)
2359,0.0,Safe Zone (Green)
368,1.0,High-Risk Zone (Red)
13357,0.0,Safe Zone (Green)
12181,1.0,High-Risk Zone (Red)
5470,0.0,Safe Zone (Green)
13914,0.0,Safe Zone (Green)
148,0.99,High-Risk Zone (Red)
5634,0.03,Safe Zone (Green)
2899,0.01,Safe Zone (Green)
507,1.0,High-Risk Zone (Red)
12364,1.0,High-Risk Zone (Red)
14502,1.0,High-Risk Zone (Red)
3431,0.0,Safe Zone (Green)
13693,0.0,Safe Zone (Green)
12599,1.0,High-Risk Zone (Red)
13192,0.05,Safe Zone (Green)
5751,0.08,Safe Zone (Green)
3223,0.14,Safe Zone (Green)
1713,0.1,Safe Zone (Green)
9699,0.0,Safe Zone (Green)
2624,0.0,Safe Zone (Green)
14851,1.0,High-Risk Zone (Red)
2107,0.0,Safe Zone (Green)
13096,0.0,Safe Zone (Green)
12986,0.06,Safe Zone (Green)
9616,0.0,Safe Zone (Green)
7109,0.0,Safe Zone (Green)
3372,0.0,Safe Zone (Green)
1738,0.99,High-Risk Zone (Red)
12954,0.01,Safe Zone (Green)
1928,0.99,High-Risk Zone (Red)
3575,0.01,Safe Zone (Green)
14794,1.0,High-Risk Zone (Red)
8747,0.15,Safe Zone (Green)
2675,0.01,Safe Zone (Green)
3602,0.04,Safe Zone (Green)
9731,0.0,Safe Zone (Green)
11172,0.01,Safe Zone (Green)
7905,0.02,Safe Zone (Green)
9071,0.0,Safe Zone (Green)
9595,0.02,Safe Zone (Green)
6822,0.0,Safe Zone (Green)
12120,0.98,High-Risk Zone (Red)
191,0.92,High-Risk Zone (Red)
3026,0.01,Safe Zone (Green)
14218,0.98,High-Risk Zone (Red)
14433,0.97,High-Risk Zone (Red)
8641,0.08,Safe Zone (Green)
8770,0.0,Safe Zone (Green)
6501,0.08,Safe Zone (Green)
10425,0.01,Safe Zone (Green)
6484,0.02,Safe Zone (Green)
3307,0.08,Safe Zone (Green)
3305,0.16,Safe Zone (Green)
7399,0.0,Safe Zone (Green)
5261,0.06,Safe Zone (Green)
3857,0.02,Safe Zone (Green)
10113,0.07,Safe Zone (Green)
6252,0.07,Safe Zone (Green)
4072,0.0,Safe Zone (Green)
9207,0.0,Safe Zone (Green)
108,0.98,High-Risk Zone (Red)
1679,1.0,High-Risk Zone (Red)
14445,0.76,Medium-Risk Zone (Orange)
4535,0.0,Safe Zone (Green)
10450,0.02,Safe Zone (Green)
7895,0.27,Low-Risk Zone (Yellow)
10136,0.03,Safe Zone (Green)
2676,0.01,Safe Zone (Green)
1438,1.0,High-Risk Zone (Red)
9477,0.06,Safe Zone (Green)
12417,1.0,High-Risk Zone (Red)
10652,0.21,Low-Risk Zone (Yellow)
6904,0.01,Safe Zone (Green)
9640,0.0,Safe Zone (Green)
3990,0.0,Safe Zone (Green)
14841,1.0,High-Risk Zone (Red)
4303,0.01,Safe Zone (Green)
9301,0.0,Safe Zone (Green)
4770,0.04,Safe Zone (Green)
9020,0.05,Safe Zone (Green)
1809,0.96,High-Risk Zone (Red)
12386,1.0,High-Risk Zone (Red)
9174,0.03,Safe Zone (Green)
9028,0.02,Safe Zone (Green)
8309,0.0,Safe Zone (Green)
4553,0.01,Safe Zone (Green)
14766,1.0,High-Risk Zone (Red)
5458,0.12,Safe Zone (Green)
12754,0.91,High-Risk Zone (Red)
13277,0.03,Safe Zone (Green)
6482,0.04,Safe Zone (Green)
3329,0.0,Safe Zone (Green)
747,1.0,High-Risk Zone (Red)
4747,0.01,Safe Zone (Green)
7037,0.14,Safe Zone (Green)
11493,0.0,Safe Zone (Green)
2496,0.03,Safe Zone (Green)
10515,0.02,Safe Zone (Green)
1582,0.99,High-Risk Zone (Red)
10322,0.0,Safe Zone (Green)
5384,0.41,Low-Risk Zone (Yellow)
6360,0.0,Safe Zone (Green)
10866,0.04,Safe Zone (Green)
14300,1.0,High-Risk Zone (Red)
1603,1.0,High-Risk Zone (Red)
5840,0.62,Medium-Risk Zone (Orange)
4856,0.11,Safe Zone (Green)
5380,0.03,Safe Zone (Green)
2143,0.03,Safe Zone (Green)
12135,0.9,High-Risk Zone (Red)
11018,0.08,Safe Zone (Green)
13813,0.0,Safe Zone (Green)
9629,0.01,Safe Zone (Green)
9322,0.0,Safe Zone (Green)
14644,0.98,High-Risk Zone (Red)
5711,0.0,Safe Zone (Green)
5072,0.11,Safe Zone (Green)
2172,0.02,Safe Zone (Green)
10708,0.0,Safe Zone (Green)
4599,0.15,Safe Zone (Green)
9524,0.07,Safe Zone (Green)
291,1.0,High-Risk Zone (Red)
12021,1.0,High-Risk Zone (Red)
3118,0.01,Safe Zone (Green)
12435,1.0,High-Risk Zone (Red)
5491,0.1,Safe Zone (Green)
9285,0.06,Safe Zone (Green)
12923,0.0,Safe Zone (Green)
11420,0.0,Safe Zone (Green)
5452,0.02,Safe Zone (Green)
4945,0.11,Safe Zone (Green)
4076,0.36,Low-Risk Zone (Yellow)
7863,0.02,Safe Zone (Green)
10091,0.11,Safe Zone (Green)
3669,0.11,Safe Zone (Green)
13097,0.01,Safe Zone (Green)
12193,1.0,High-Risk Zone (Red)
14904,1.0,High-Risk Zone (Red)
9172,0.04,Safe Zone (Green)
10811,0.01,Safe Zone (Green)
3023,0.0,Safe Zone (Green)
12990,0.0,Safe Zone (Green)
7530,0.0,Safe Zone (Green)
7359,0.0,Safe Zone (Green)
3543,0.01,Safe Zone (Green)
4309,0.0,Safe Zone (Green)
4212,0.05,Safe Zone (Green)
1078,1.0,High-Risk Zone (Red)
8027,0.0,Safe Zone (Green)
1932,1.0,High-Risk Zone (Red)
13365,0.13,Safe Zone (Green)
5342,0.16,Safe Zone (Green)
13389,0.0,Safe Zone (Green)
7594,0.0,Safe Zone (Green)
11723,0.0,Safe Zone (Green)
3158,0.0,Safe Zone (Green)
8948,0.09,Safe Zone (Green)
13363,0.0,Safe Zone (Green)
378,0.72,Medium-Risk Zone (Orange)
14563,1.0,High-Risk Zone (Red)
9799,0.01,Safe Zone (Green)
550,1.0,High-Risk Zone (Red)
11221,0.04,Safe Zone (Green)
3374,0.02,Safe Zone (Green)
2087,0.03,Safe Zone (Green)
1312,0.97,High-Risk Zone (Red)
1513,0.99,High-Risk Zone (Red)
5135,0.04,Safe Zone (Green)
10325,0.0,Safe Zone (Green)
1551,0.94,High-Risk Zone (Red)
12425,1.0,High-Risk Zone (Red)
7773,0.02,Safe Zone (Green)
9229,0.0,Safe Zone (Green)
13659,0.0,Safe Zone (Green)
2781,0.0,Safe Zone (Green)
4462,0.03,Safe Zone (Green)
10048,0.0,Safe Zone (Green)
7306,0.0,Safe Zone (Green)
2051,0.0,Safe Zone (Green)
9060,0.35,Low-Risk Zone (Yellow)
8862,0.23,Low-Risk Zone (Yellow)
6310,0.02,Safe Zone (Green)
6563,0.02,Safe Zone (Green)
2346,0.0,Safe Zone (Green)
13802,0.0,Safe Zone (Green)
8706,0.0,Safe Zone (Green)
11823,0.0,Safe Zone (Green)
5839,0.07,Safe Zone (Green)
10214,0.26,Low-Risk Zone (Yellow)
12799,0.0,Safe Zone (Green)
6451,0.0,Safe Zone (Green)
14446,1.0,High-Risk Zone (Red)
4344,0.0,Safe Zone (Green)
11871,0.0,Safe Zone (Green)
5318,0.0,Safe Zone (Green)
13067,0.01,Safe Zone (Green)
6862,0.0,Safe Zone (Green)
10263,0.0,Safe Zone (Green)
6104,0.1,Safe Zone (Green)
1468,0.99,High-Risk Zone (Red)
11952,0.0,Safe Zone (Green)
4104,0.07,Safe Zone (Green)
11146,0.0,Safe Zone (Green)
13931,0.07,Safe Zone (Green)
3267,0.0,Safe Zone (Green)
13723,0.01,Safe Zone (Green)
6959,0.0,Safe Zone (Green)
14493,1.0,High-Risk Zone (Red)
6562,0.0,Safe Zone (Green)
8701,0.01,Safe Zone (Green)
10582,0.0,Safe Zone (Green)
10994,0.01,Safe Zone (Green)
12105,0.97,High-Risk Zone (Red)
12017,1.0,High-Risk Zone (Red)
14734,0.93,High-Risk Zone (Red)
9095,0.02,Safe Zone (Green)
7060,0.0,Safe Zone (Green)
3190,0.01,Safe Zone (Green)
2201,0.01,Safe Zone (Green)
9187,0.0,Safe Zone (Green)
14213,1.0,High-Risk Zone (Red)
6494,0.0,Safe Zone (Green)
3460,0.0,Safe Zone (Green)
10415,0.01,Safe Zone (Green)
13327,0.0,Safe Zone (Green)
1891,1.0,High-Risk Zone (Red)
5082,0.05,Safe Zone (Green)
1871,1.0,High-Risk Zone (Red)
10005,0.03,Safe Zone (Green)
4915,0.17,Safe Zone (Green)
7859,0.0,Safe Zone (Green)
13861,0.0,Safe Zone (Green)
9969,0.0,Safe Zone (Green)
9938,0.0,Safe Zone (Green)
8452,0.0,Safe Zone (Green)
8711,0.13,Safe Zone (Green)
14916,1.0,High-Risk Zone (Red)
5426,0.0,Safe Zone (Green)
181,1.0,High-Risk Zone (Red)
6988,0.1,Safe Zone (Green)
11659,0.05,Safe Zone (Green)
2810,0.0,Safe Zone (Green)
4843,0.12,Safe Zone (Green)
9719,0.05,Safe Zone (Green)
7497,0.0,Safe Zone (Green)
1976,0.91,High-Risk Zone (Red)
14885,1.0,High-Risk Zone (Red)
3937,0.01,Safe Zone (Green)
2705,0.0,Safe Zone (Green)
876,0.95,High-Risk Zone (Red)
131,1.0,High-Risk Zone (Red)
5109,0.01,Safe Zone (Green)
11343,0.03,Safe Zone (Green)
2725,0.1,Safe Zone (Green)
6436,0.36,Low-Risk Zone (Yellow)
6195,0.0,Safe Zone (Green)
882,1.0,High-Risk Zone (Red)
9182,0.02,Safe Zone (Green)
6765,0.2,Low-Risk Zone (Yellow)
3403,0.0,Safe Zone (Green)
14673,0.9,High-Risk Zone (Red)
11059,0.0,Safe Zone (Green)
4880,0.0,Safe Zone (Green)
5161,0.02,Safe Zone (Green)
6052,0.0,Safe Zone (Green)
6799,0.0,Safe Zone (Green)
8980,0.09,Safe Zone (Green)
8217,0.0,Safe Zone (Green)
9002,0.01,Safe Zone (Green)
14762,1.0,High-Risk Zone (Red)
1673,0.98,High-Risk Zone (Red)
9820,0.05,Safe Zone (Green)
13574,0.05,Safe Zone (Green)
7297,0.0,Safe Zone (Green)
9915,0.07,Safe Zone (Green)
6985,0.0,Safe Zone (Green)
9502,0.04,Safe Zone (Green)
1355,0.99,High-Risk Zone (Red)
9864,0.0,Safe Zone (Green)
11981,0.0,Safe Zone (Green)
8688,0.0,Safe Zone (Green)
12832,0.06,Safe Zone (Green)
8227,0.0,Safe Zone (Green)
6928,0.13,Safe Zone (Green)
2454,0.01,Safe Zone (Green)
13353,0.07,Safe Zone (Green)
6224,0.0,Safe Zone (Green)
6557,0.02,Safe Zone (Green)
317,1.0,High-Risk Zone (Red)
1203,0.24,Low-Risk Zone (Yellow)
13597,0.0,Safe Zone (Green)
13025,0.01,Safe Zone (Green)
6266,0.0,Safe Zone (Green)
13810,0.02,Safe Zone (Green)
4172,0.0,Safe Zone (Green)
709,1.0,High-Risk Zone (Red)
4113,0.0,Safe Zone (Green)
4065,0.03,Safe Zone (Green)
8318,0.05,Safe Zone (Green)
8086,0.13,Safe Zone (Green)
281,0.97,High-Risk Zone (Red)
8359,0.04,Safe Zone (Green)
7845,0.06,Safe Zone (Green)
2416,0.0,Safe Zone (Green)
3128,0.46,Low-Risk Zone (Yellow)
834,0.98,High-Risk Zone (Red)
11885,0.0,Safe Zone (Green)
2324,0.08,Safe Zone (Green)
5823,0.0,Safe Zone (Green)
3487,0.13,Safe Zone (Green)
3862,0.0,Safe Zone (Green)
11154,0.13,Safe Zone (Green)
8560,0.03,Safe Zone (Green)
6879,0.36,Low-Risk Zone (Yellow)
1553,0.74,Medium-Risk Zone (Orange)
14712,0.66,Medium-Risk Zone (Orange)
8957,0.43,Low-Risk Zone (Yellow)
4944,0.11,Safe Zone (Green)
2241,0.07,Safe Zone (Green)
8875,0.03,Safe Zone (Green)
12811,0.0,Safe Zone (Green)
1859,1.0,High-Risk Zone (Red)
5196,0.01,Safe Zone (Green)
14784,1.0,High-Risk Zone (Red)
11061,0.01,Safe Zone (Green)
11390,0.0,Safe Zone (Green)
9913,0.73,Medium-Risk Zone (Orange)
8364,0.0,Safe Zone (Green)
8296,0.13,Safe Zone (Green)
9326,0.2,Low-Risk Zone (Yellow)
13819,0.01,Safe Zone (Green)
14406,1.0,High-Risk Zone (Red)
7982,0.11,Safe Zone (Green)
4184,0.01,Safe Zone (Green)
620,0.69,Medium-Risk Zone (Orange)
11573,0.08,Safe Zone (Green)
7189,0.1,Safe Zone (Green)
14157,0.01,Safe Zone (Green)
9794,0.05,Safe Zone (Green)
303,1.0,High-Risk Zone (Red)
2538,0.0,Safe Zone (Green)
4757,0.01,Safe Zone (Green)
10713,0.01,Safe Zone (Green)
1971,0.97,High-Risk Zone (Red)
1015,1.0,High-Risk Zone (Red)
8070,0.0,Safe Zone (Green)
1378,0.97,High-Risk Zone (Red)
2482,0.12,Safe Zone (Green)
10313,0.03,Safe Zone (Green)
9688,0.0,Safe Zone (Green)
7912,0.13,Safe Zone (Green)
6580,0.0,Safe Zone (Green)
8802,0.0,Safe Zone (Green)
10942,0.01,Safe Zone (Green)
14039,0.02,Safe Zone (Green)
84,1.0,High-Risk Zone (Red)
2622,0.04,Safe Zone (Green)
7880,0.0,Safe Zone (Green)
14410,1.0,High-Risk Zone (Red)
7388,0.0,Safe Zone (Green)
9030,0.0,Safe Zone (Green)
957,1.0,High-Risk Zone (Red)
7650,0.0,Safe Zone (Green)
4512,0.0,Safe Zone (Green)
3359,0.02,Safe Zone (Green)
8613,0.08,Safe Zone (Green)
12247,1.0,High-Risk Zone (Red)
9686,0.0,Safe Zone (Green)
13612,0.0,Safe Zone (Green)
3787,0.0,Safe Zone (Green)
4459,0.33,Low-Risk Zone (Yellow)
9406,0.0,Safe Zone (Green)
8033,0.16,Safe Zone (Green)
11559,0.01,Safe Zone (Green)
5959,0.06,Safe Zone (Green)
8043,0.11,Safe Zone (Green)
14001,0.0,Safe Zone (Green)
2652,0.03,Safe Zone (Green)
5092,0.09,Safe Zone (Green)
12536,1.0,High-Risk Zone (Red)
12236,1.0,High-Risk Zone (Red)
6234,0.0,Safe Zone (Green)
6131,0.01,Safe Zone (Green)
6692,0.06,Safe Zone (Green)
10232,0.29,Low-Risk Zone (Yellow)
8368,0.04,Safe Zone (Green)
12463,1.0,High-Risk Zone (Red)
6598,0.02,Safe Zone (Green)
9790,0.0,Safe Zone (Green)
946,1.0,High-Risk Zone (Red)
12206,1.0,High-Risk Zone (Red)
7059,0.01,Safe Zone (Green)
6758,0.09,Safe Zone (Green)
13749,0.01,Safe Zone (Green)
1349,0.92,High-Risk Zone (Red)
12669,0.73,Medium-Risk Zone (Orange)
12828,0.0,Safe Zone (Green)
8484,0.02,Safe Zone (Green)
13280,0.12,Safe Zone (Green)
2272,0.0,Safe Zone (Green)
12671,1.0,High-Risk Zone (Red)
7875,0.01,Safe Zone (Green)
12234,0.76,Medium-Risk Zone (Orange)
7048,0.22,Low-Risk Zone (Yellow)
8312,0.0,Safe Zone (Green)
14671,1.0,High-Risk Zone (Red)
13988,0.04,Safe Zone (Green)
5370,0.0,Safe Zone (Green)
8671,0.0,Safe Zone (Green)
702,1.0,High-Risk Zone (Red)
11402,0.0,Safe Zone (Green)
11819,0.0,Safe Zone (Green)
11582,0.12,Safe Zone (Green)
11727,0.0,Safe Zone (Green)
1573,0.99,High-Risk Zone (Red)
2529,0.02,Safe Zone (Green)
14197,0.03,Safe Zone (Green)
810,1.0,High-Risk Zone (Red)
13771,0.07,Safe Zone (Green)
4643,0.0,Safe Zone (Green)
8801,0.0,Safe Zone (Green)
12357,1.0,High-Risk Zone (Red)
6435,0.0,Safe Zone (Green)
12242,1.0,High-Risk Zone (Red)
10605,0.01,Safe Zone (Green)
11754,0.04,Safe Zone (Green)
12698,1.0,High-Risk Zone (Red)
12984,0.0,Safe Zone (Green)
12525,1.0,High-Risk Zone (Red)
3393,0.0,Safe Zone (Green)
10828,0.13,Safe Zone (Green)
13071,0.0,Safe Zone (Green)
8601,0.0,Safe Zone (Green)
2194,0.0,Safe Zone (Green)
12410,0.76,Medium-Risk Zone (Orange)
9325,0.03,Safe Zone (Green)
6166,0.01,Safe Zone (Green)
13583,0.0,Safe Zone (Green)
12271,1.0,High-Risk Zone (Red)
14313,1.0,High-Risk Zone (Red)
14243,1.0,High-Risk Zone (Red)
11878,0.0,Safe Zone (Green)
6493,0.01,Safe Zone (Green)
1727,0.99,High-Risk Zone (Red)
9103,0.0,Safe Zone (Green)
2932,0.0,Safe Zone (Green)
9654,0.0,Safe Zone (Green)
3095,0.1,Safe Zone (Green)
5427,0.02,Safe Zone (Green)
4145,0.09,Safe Zone (Green)
12829,0.0,Safe Zone (Green)
4914,0.0,Safe Zone (Green)
10759,0.0,Safe Zone (Green)
10025,0.11,Safe Zone (Green)
135,0.9,High-Risk Zone (Red)
773,1.0,High-Risk Zone (Red)
13202,0.02,Safe Zone (Green)
2544,0.04,Safe Zone (Green)
5315,0.01,Safe Zone (Green)
4127,0.03,Safe Zone (Green)
6461,0.01,Safe Zone (Green)
13323,0.13,Safe Zone (Green)
8289,0.01,Safe Zone (Green)
9475,0.0,Safe Zone (Green)
5267,0.15,Safe Zone (Green)
13387,0.06,Safe Zone (Green)
14508,1.0,High-Risk Zone (Red)
13250,0.03,Safe Zone (Green)
593,1.0,High-Risk Zone (Red)
7204,0.02,Safe Zone (Green)
9638,0.05,Safe Zone (Green)
9600,0.0,Safe Zone (Green)
11611,0.01,Safe Zone (Green)
377,1.0,High-Risk Zone (Red)
2456,0.0,Safe Zone (Green)
13089,0.12,Safe Zone (Green)
7908,0.01,Safe Zone (Green)
2321,0.06,Safe Zone (Green)
1612,0.17,Safe Zone (Green)
6102,0.0,Safe Zone (Green)
10312,0.12,Safe Zone (Green)
3297,0.02,Safe Zone (Green)
8520,0.42,Low-Risk Zone (Yellow)
3387,0.0,Safe Zone (Green)
7314,0.0,Safe Zone (Green)
1079,0.88,Medium-Risk Zone (Orange)
4819,0.02,Safe Zone (Green)
12951,0.0,Safe Zone (Green)
11876,0.0,Safe Zone (Green)
12912,0.0,Safe Zone (Green)
10092,0.0,Safe Zone (Green)
5512,0.03,Safe Zone (Green)
5956,0.01,Safe Zone (Green)
8213,0.14,Safe Zone (Green)
13427,0.02,Safe Zone (Green)
2942,0.1,Safe Zone (Green)
11100,0.01,Safe Zone (Green)
670,1.0,High-Risk Zone (Red)
316,1.0,High-Risk Zone (Red)
989,1.0,High-Risk Zone (Red)
6413,0.0,Safe Zone (Green)
5093,0.0,Safe Zone (Green)
13793,0.12,Safe Zone (Green)
6470,0.1,Safe Zone (Green)
11268,0.0,Safe Zone (Green)
1390,0.92,High-Risk Zone (Red)
7700,0.03,Safe Zone (Green)
13542,0.01,Safe Zone (Green)
3231,0.01,Safe Zone (Green)
6674,0.01,Safe Zone (Green)
9832,0.0,Safe Zone (Green)
4741,0.03,Safe Zone (Green)
14503,1.0,High-Risk Zone (Red)
8483,0.02,Safe Zone (Green)
5741,0.0,Safe Zone (Green)
4387,0.01,Safe Zone (Green)
9075,0.01,Safe Zone (Green)
2180,0.15,Safe Zone (Green)
5939,0.01,Safe Zone (Green)
12371,1.0,High-Risk Zone (Red)
6727,0.01,Safe Zone (Green)
5963,0.0,Safe Zone (Green)
8244,0.02,Safe Zone (Green)
7373,0.09,Safe Zone (Green)
7036,0.01,Safe Zone (Green)
3844,0.0,Safe Zone (Green)
2158,0.04,Safe Zone (Green)
6398,0.05,Safe Zone (Green)
5595,0.0,Safe Zone (Green)
8895,0.11,Safe Zone (Green)
4094,0.57,Low-Risk Zone (Yellow)
8621,0.01,Safe Zone (Green)
9261,0.04,Safe Zone (Green)
8570,0.01,Safe Zone (Green)
8447,0.02,Safe Zone (Green)
7494,0.04,Safe Zone (Green)
8546,0.03,Safe Zone (Green)
8591,0.31,Low-Risk Zone (Yellow)
4020,0.0,Safe Zone (Green)
1372,0.98,High-Risk Zone (Red)
324,1.0,High-Risk Zone (Red)
6321,0.0,Safe Zone (Green)
9143,0.08,Safe Zone (Green)
7810,0.02,Safe Zone (Green)
5707,0.18,Safe Zone (Green)
2342,0.09,Safe Zone (Green)
5017,0.13,Safe Zone (Green)
5349,0.0,Safe Zone (Green)
14103,0.02,Safe Zone (Green)
9739,0.01,Safe Zone (Green)
1235,1.0,High-Risk Zone (Red)
2801,0.14,Safe Zone (Green)
13052,0.0,Safe Zone (Green)
11479,0.02,Safe Zone (Green)
13105,0.05,Safe Zone (Green)
10244,0.03,Safe Zone (Green)
4080,0.05,Safe Zone (Green)
3557,0.17,Safe Zone (Green)
5620,0.02,Safe Zone (Green)
13413,0.01,Safe Zone (Green)
1377,0.99,High-Risk Zone (Red)
2588,0.08,Safe Zone (Green)
7921,0.0,Safe Zone (Green)
5188,0.0,Safe Zone (Green)
2070,0.0,Safe Zone (Green)
7347,0.13,Safe Zone (Green)
10974,0.19,Safe Zone (Green)
7805,0.2,Low-Risk Zone (Yellow)
5111,0.04,Safe Zone (Green)
2455,0.02,Safe Zone (Green)
6033,0.18,Safe Zone (Green)
6669,0.09,Safe Zone (Green)
11178,0.0,Safe Zone (Green)
9420,0.11,Safe Zone (Green)
7985,0.0,Safe Zone (Green)
403,0.98,High-Risk Zone (Red)
684,0.71,Medium-Risk Zone (Orange)
13115,0.0,Safe Zone (Green)
3092,0.0,Safe Zone (Green)
11406,0.06,Safe Zone (Green)
801,1.0,High-Risk Zone (Red)
60,0.99,High-Risk Zone (Red)
12228,1.0,High-Risk Zone (Red)
12312,1.0,High-Risk Zone (Red)
7953,0.0,Safe Zone (Green)
14940,0.92,High-Risk Zone (Red)
9819,0.01,Safe Zone (Green)
14397,1.0,High-Risk Zone (Red)
13160,0.0,Safe Zone (Green)
14918,1.0,High-Risk Zone (Red)
14270,1.0,High-Risk Zone (Red)
9992,0.03,Safe Zone (Green)
12431,1.0,High-Risk Zone (Red)
2604,0.01,Safe Zone (Green)
12375,0.99,High-Risk Zone (Red)
6529,0.02,Safe Zone (Green)
2870,0.0,Safe Zone (Green)
12861,0.01,Safe Zone (Green)
7342,0.03,Safe Zone (Green)
6419,0.01,Safe Zone (Green)
13335,0.11,Safe Zone (Green)
4716,0.01,Safe Zone (Green)
11428,0.02,Safe Zone (Green)
8127,0.0,Safe Zone (Green)
9793,0.12,Safe Zone (Green)
4698,0.21,Low-Risk Zone (Yellow)
8719,0.07,Safe Zone (Green)
8582,0.02,Safe Zone (Green)
9452,0.08,Safe Zone (Green)
14865,1.0,High-Risk Zone (Red)
4871,0.0,Safe Zone (Green)
1692,1.0,High-Risk Zone (Red)
6790,0.0,Safe Zone (Green)
7224,0.0,Safe Zone (Green)
13585,0.01,Safe Zone (Green)
6198,0.0,Safe Zone (Green)
10215,0.0,Safe Zone (Green)
9239,0.08,Safe Zone (Green)
11610,0.0,Safe Zone (Green)
5577,0.0,Safe Zone (Green)
10878,0.12,Safe Zone (Green)
11944,0.02,Safe Zone (Green)
14831,0.69,Medium-Risk Zone (Orange)
4934,0.0,Safe Zone (Green)
6744,0.0,Safe Zone (Green)
11882,0.01,Safe Zone (Green)
6229,0.0,Safe Zone (Green)
3042,0.01,Safe Zone (Green)
11066,0.03,Safe Zone (Green)
2763,0.15,Safe Zone (Green)
12429,0.99,High-Risk Zone (Red)
3944,0.17,Safe Zone (Green)
7118,0.0,Safe Zone (Green)
2592,0.02,Safe Zone (Green)
3700,0.2,Low-Risk Zone (Yellow)
14432,1.0,High-Risk Zone (Red)
12356,1.0,High-Risk Zone (Red)
10188,0.01,Safe Zone (Green)
3550,0.04,Safe Zone (Green)
765,0.87,Medium-Risk Zone (Orange)
4655,0.0,Safe Zone (Green)
3159,0.01,Safe Zone (Green)
6416,0.02,Safe Zone (Green)
4239,0.04,Safe Zone (Green)
11262,0.0,Safe Zone (Green)
2432,0.07,Safe Zone (Green)
4625,0.02,Safe Zone (Green)
511,0.91,High-Risk Zone (Red)
9964,0.0,Safe Zone (Green)
11514,0.04,Safe Zone (Green)
14579,1.0,High-Risk Zone (Red)
901,1.0,High-Risk Zone (Red)
464,0.99,High-Risk Zone (Red)
3442,0.0,Safe Zone (Green)
3507,0.05,Safe Zone (Green)
12145,1.0,High-Risk Zone (Red)
10542,0.19,Safe Zone (Green)
8257,0.01,Safe Zone (Green)
13690,0.02,Safe Zone (Green)
521,1.0,High-Risk Zone (Red)
3709,0.0,Safe Zone (Green)
9127,0.01,Safe Zone (Green)
4634,0.09,Safe Zone (Green)
13603,0.0,Safe Zone (Green)
12657,1.0,High-Risk Zone (Red)
14586,0.99,High-Risk Zone (Red)
9225,0.0,Safe Zone (Green)
7403,0.01,Safe Zone (Green)
4210,0.07,Safe Zone (Green)
5440,0.01,Safe Zone (Green)
4447,0.0,Safe Zone (Green)
1382,1.0,High-Risk Zone (Red)
9386,0.1,Safe Zone (Green)
3666,0.0,Safe Zone (Green)
5977,0.01,Safe Zone (Green)
4918,0.04,Safe Zone (Green)
6116,0.12,Safe Zone (Green)
6123,0.03,Safe Zone (Green)
6867,0.0,Safe Zone (Green)
2175,0.06,Safe Zone (Green)
13347,0.02,Safe Zone (Green)
12876,0.0,Safe Zone (Green)
12541,1.0,High-Risk Zone (Red)
46,1.0,High-Risk Zone (Red)
796,1.0,High-Risk Zone (Red)
13088,0.0,Safe Zone (Green)
10880,0.0,Safe Zone (Green)
2157,0.04,Safe Zone (Green)
1216,1.0,High-Risk Zone (Red)
14464,1.0,High-Risk Zone (Red)
9424,0.0,Safe Zone (Green)
5505,0.0,Safe Zone (Green)
3943,0.01,Safe Zone (Green)
11661,0.04,Safe Zone (Green)
12150,1.0,High-Risk Zone (Red)
14723,1.0,High-Risk Zone (Red)
3363,0.0,Safe Zone (Green)
3311,0.03,Safe Zone (Green)
11069,0.12,Safe Zone (Green)
10498,0.0,Safe Zone (Green)
8406,0.0,Safe Zone (Green)
6069,0.22,Low-Risk Zone (Yellow)
12900,0.01,Safe Zone (Green)
10397,0.04,Safe Zone (Green)
8128,0.55,Low-Risk Zone (Yellow)
8672,0.01,Safe Zone (Green)
1189,1.0,High-Risk Zone (Red)
12227,1.0,High-Risk Zone (Red)
10559,0.0,Safe Zone (Green)
1767,1.0,High-Risk Zone (Red)
6890,0.03,Safe Zone (Green)
9158,0.0,Safe Zone (Green)
5250,0.01,Safe Zone (Green)
12334,1.0,High-Risk Zone (Red)
2762,0.0,Safe Zone (Green)
4541,0.2,Low-Risk Zone (Yellow)
8202,0.0,Safe Zone (Green)
3755,0.02,Safe Zone (Green)
10447,0.01,Safe Zone (Green)
2480,0.01,Safe Zone (Green)
2848,0.0,Safe Zone (Green)
3634,0.0,Safe Zone (Green)
5375,0.0,Safe Zone (Green)
331,1.0,High-Risk Zone (Red)
4031,0.05,Safe Zone (Green)
7088,0.0,Safe Zone (Green)
2930,0.01,Safe Zone (Green)
843,0.16,Safe Zone (Green)
5026,0.02,Safe Zone (Green)
11635,0.01,Safe Zone (Green)
9404,0.02,Safe Zone (Green)
11684,0.0,Safe Zone (Green)
11394,0.11,Safe Zone (Green)
6220,0.0,Safe Zone (Green)
13392,0.04,Safe Zone (Green)
13613,0.0,Safe Zone (Green)
10291,0.02,Safe Zone (Green)
2278,0.0,Safe Zone (Green)
12251,1.0,High-Risk Zone (Red)
2056,0.0,Safe Zone (Green)
9920,0.01,Safe Zone (Green)
9236,0.01,Safe Zone (Green)
13679,0.02,Safe Zone (Green)
9460,0.38,Low-Risk Zone (Yellow)
12406,0.99,High-Risk Zone (Red)
11124,0.11,Safe Zone (Green)
11134,0.15,Safe Zone (Green)
7751,0.23,Low-Risk Zone (Yellow)
2017,0.11,Safe Zone (Green)
12660,1.0,High-Risk Zone (Red)
5419,0.06,Safe Zone (Green)
5359,0.0,Safe Zone (Green)
12779,1.0,High-Risk Zone (Red)
7035,0.01,Safe Zone (Green)
5900,0.05,Safe Zone (Green)
3348,0.0,Safe Zone (Green)
817,1.0,High-Risk Zone (Red)
12566,1.0,High-Risk Zone (Red)
12405,0.88,Medium-Risk Zone (Orange)
4751,0.08,Safe Zone (Green)
9294,0.02,Safe Zone (Green)
4578,0.1,Safe Zone (Green)
6163,0.01,Safe Zone (Green)
1919,0.92,High-Risk Zone (Red)
9722,0.05,Safe Zone (Green)
5146,0.0,Safe Zone (Green)
6584,0.18,Safe Zone (Green)
8163,0.0,Safe Zone (Green)
13661,0.0,Safe Zone (Green)
8084,0.02,Safe Zone (Green)
3601,0.07,Safe Zone (Green)
7182,0.0,Safe Zone (Green)
12345,0.98,High-Risk Zone (Red)
13682,0.01,Safe Zone (Green)
12003,0.95,High-Risk Zone (Red)
11223,0.01,Safe Zone (Green)
3814,0.0,Safe Zone (Green)
13488,0.05,Safe Zone (Green)
776,1.0,High-Risk Zone (Red)
811,1.0,High-Risk Zone (Red)
5054,0.0,Safe Zone (Green)
6602,0.0,Safe Zone (Green)
354,0.83,Medium-Risk Zone (Orange)
11839,0.0,Safe Zone (Green)
1800,1.0,High-Risk Zone (Red)
9982,0.0,Safe Zone (Green)
1262,1.0,High-Risk Zone (Red)
10740,0.0,Safe Zone (Green)
6343,0.02,Safe Zone (Green)
6001,0.0,Safe Zone (Green)
1723,1.0,High-Risk Zone (Red)
5469,0.0,Safe Zone (Green)
3145,0.0,Safe Zone (Green)
12679,1.0,High-Risk Zone (Red)
8427,0.0,Safe Zone (Green)
1046,0.91,High-Risk Zone (Red)
2230,0.0,Safe Zone (Green)
695,0.78,Medium-Risk Zone (Orange)
8578,0.16,Safe Zone (Green)
14693,1.0,High-Risk Zone (Red)
2377,0.0,Safe Zone (Green)
13951,0.0,Safe Zone (Green)
14964,0.99,High-Risk Zone (Red)
453,1.0,High-Risk Zone (Red)
13991,0.0,Safe Zone (Green)
13624,0.07,Safe Zone (Green)
5937,0.0,Safe Zone (Green)
13549,0.02,Safe Zone (Green)
11057,0.0,Safe Zone (Green)
7879,0.01,Safe Zone (Green)
2026,0.0,Safe Zone (Green)
6814,0.02,Safe Zone (Green)
4623,0.25,Low-Risk Zone (Yellow)
7742,0.0,Safe Zone (Green)
2760,0.0,Safe Zone (Green)
9861,0.04,Safe Zone (Green)
10224,0.23,Low-Risk Zone (Yellow)
10095,0.01,Safe Zone (Green)
11575,0.0,Safe Zone (Green)
8805,0.01,Safe Zone (Green)
719,1.0,High-Risk Zone (Red)
13673,0.05,Safe Zone (Green)
12259,1.0,High-Risk Zone (Red)
11735,0.0,Safe Zone (Green)
3153,0.0,Safe Zone (Green)
2886,0.0,Safe Zone (Green)
1129,1.0,High-Risk Zone (Red)
3830,0.0,Safe Zone (Green)
625,1.0,High-Risk Zone (Red)
12858,0.0,Safe Zone (Green)
9736,0.03,Safe Zone (Green)
11470,0.02,Safe Zone (Green)
5787,0.01,Safe Zone (Green)
1415,0.2,Low-Risk Zone (Yellow)
14107,0.1,Safe Zone (Green)
770,1.0,High-Risk Zone (Red)
4241,0.0,Safe Zone (Green)
430,0.98,High-Risk Zone (Red)
12927,0.0,Safe Zone (Green)
8518,0.0,Safe Zone (Green)
13000,0.01,Safe Zone (Green)
9082,0.0,Safe Zone (Green)
14264,1.0,High-Risk Zone (Red)
6142,0.0,Safe Zone (Green)
11213,0.01,Safe Zone (Green)
5656,0.0,Safe Zone (Green)
2461,0.01,Safe Zone (Green)
6932,0.0,Safe Zone (Green)
784,1.0,High-Risk Zone (Red)
8733,0.01,Safe Zone (Green)
6067,0.0,Safe Zone (Green)
4470,0.07,Safe Zone (Green)
13957,0.01,Safe Zone (Green)
8047,0.01,Safe Zone (Green)
3594,0.48,Low-Risk Zone (Yellow)
3345,0.29,Low-Risk Zone (Yellow)
9249,0.01,Safe Zone (Green)
8792,0.06,Safe Zone (Green)
5693,0.02,Safe Zone (Green)
11230,0.0,Safe Zone (Green)
1389,1.0,High-Risk Zone (Red)
5546,0.0,Safe Zone (Green)
1036,0.96,High-Risk Zone (Red)
12280,1.0,High-Risk Zone (Red)
9965,0.0,Safe Zone (Green)
14036,0.03,Safe Zone (Green)
10208,0.07,Safe Zone (Green)
1694,1.0,High-Risk Zone (Red)
13734,0.0,Safe Zone (Green)
513,1.0,High-Risk Zone (Red)
10747,0.0,Safe Zone (Green)
12035,1.0,High-Risk Zone (Red)
5924,0.12,Safe Zone (Green)
10869,0.0,Safe Zone (Green)
9806,0.0,Safe Zone (Green)
4146,0.12,Safe Zone (Green)
1239,1.0,High-Risk Zone (Red)
2686,0.0,Safe Zone (Green)
6325,0.0,Safe Zone (Green)
11440,0.0,Safe Zone (Green)
11341,0.0,Safe Zone (Green)
3803,0.0,Safe Zone (Green)
7034,0.07,Safe Zone (Green)
3306,0.01,Safe Zone (Green)
8922,0.0,Safe Zone (Green)
7237,0.03,Safe Zone (Green)
12634,1.0,High-Risk Zone (Red)
3481,0.06,Safe Zone (Green)
8270,0.13,Safe Zone (Green)
7482,0.0,Safe Zone (Green)
4888,0.06,Safe Zone (Green)
8392,0.07,Safe Zone (Green)
1462,1.0,High-Risk Zone (Red)
5444,0.01,Safe Zone (Green)
299,1.0,High-Risk Zone (Red)
4446,0.0,Safe Zone (Green)
4994,0.0,Safe Zone (Green)
9202,0.05,Safe Zone (Green)
4999,0.0,Safe Zone (Green)
6297,0.02,Safe Zone (Green)
5434,0.0,Safe Zone (Green)
11666,0.08,Safe Zone (Green)
11926,0.02,Safe Zone (Green)
5003,0.01,Safe Zone (Green)
1726,1.0,High-Risk Zone (Red)
6305,0.09,Safe Zone (Green)
13015,0.0,Safe Zone (Green)
13136,0.02,Safe Zone (Green)
7477,0.0,Safe Zone (Green)
4000,0.02,Safe Zone (Green)
4938,0.0,Safe Zone (Green)
12967,0.27,Low-Risk Zone (Yellow)
2545,0.06,Safe Zone (Green)
4568,0.0,Safe Zone (Green)
2747,0.0,Safe Zone (Green)
12036,1.0,High-Risk Zone (Red)
746,1.0,High-Risk Zone (Red)
14267,1.0,High-Risk Zone (Red)
10508,0.0,Safe Zone (Green)
7143,0.0,Safe Zone (Green)
13586,0.0,Safe Zone (Green)
5245,0.24,Low-Risk Zone (Yellow)
6718,0.0,Safe Zone (Green)
2262,0.0,Safe Zone (Green)
13707,0.01,Safe Zone (Green)
10285,0.14,Safe Zone (Green)
11896,0.1,Safe Zone (Green)
8203,0.0,Safe Zone (Green)
7785,0.02,Safe Zone (Green)
4748,0.13,Safe Zone (Green)
12721,0.63,Medium-Risk Zone (Orange)
4397,0.06,Safe Zone (Green)
5337,0.05,Safe Zone (Green)
14929,1.0,High-Risk Zone (Red)
13844,0.01,Safe Zone (Green)
14117,0.01,Safe Zone (Green)
10970,0.01,Safe Zone (Green)
3928,0.01,Safe Zone (Green)
6007,0.0,Safe Zone (Green)
9280,0.0,Safe Zone (Green)
1107,0.75,Medium-Risk Zone (Orange)
11560,0.07,Safe Zone (Green)
11245,0.02,Safe Zone (Green)
7746,0.06,Safe Zone (Green)
4863,0.0,Safe Zone (Green)
10422,0.0,Safe Zone (Green)
9858,0.04,Safe Zone (Green)
1285,1.0,High-Risk Zone (Red)
3239,0.0,Safe Zone (Green)
1267,1.0,High-Risk Zone (Red)
9097,0.0,Safe Zone (Green)
9063,0.39,Low-Risk Zone (Yellow)
622,0.99,High-Risk Zone (Red)
6716,0.03,Safe Zone (Green)
6851,0.01,Safe Zone (Green)
4171,0.02,Safe Zone (Green)
13238,0.0,Safe Zone (Green)
5435,0.19,Safe Zone (Green)
13134,0.0,Safe Zone (Green)
5897,0.01,Safe Zone (Green)
7046,0.0,Safe Zone (Green)
3326,0.11,Safe Zone (Green)
14558,1.0,High-Risk Zone (Red)
11407,0.0,Safe Zone (Green)
1429,0.99,High-Risk Zone (Red)
2881,0.36,Low-Risk Zone (Yellow)
12591,0.99,High-Risk Zone (Red)
9813,0.0,Safe Zone (Green)
8825,0.43,Low-Risk Zone (Yellow)
7857,0.41,Low-Risk Zone (Yellow)
3056,0.41,Low-Risk Zone (Yellow)
4917,0.01,Safe Zone (Green)
13958,0.0,Safe Zone (Green)
88,1.0,High-Risk Zone (Red)
10964,0.0,Safe Zone (Green)
1652,1.0,High-Risk Zone (Red)
14246,1.0,High-Risk Zone (Red)
5834,0.0,Safe Zone (Green)
2505,0.02,Safe Zone (Green)
7328,0.05,Safe Zone (Green)
5046,0.01,Safe Zone (Green)
13002,0.0,Safe Zone (Green)
6134,0.0,Safe Zone (Green)
7325,0.05,Safe Zone (Green)
11065,0.1,Safe Zone (Green)
6749,0.04,Safe Zone (Green)
12338,1.0,High-Risk Zone (Red)
11147,0.03,Safe Zone (Green)
11685,0.0,Safe Zone (Green)
13321,0.1,Safe Zone (Green)
14128,0.02,Safe Zone (Green)
14507,1.0,High-Risk Zone (Red)
6594,0.0,Safe Zone (Green)
14375,1.0,High-Risk Zone (Red)
12940,0.0,Safe Zone (Green)
10034,0.0,Safe Zone (Green)
6609,0.0,Safe Zone (Green)
3220,0.08,Safe Zone (Green)
1134,1.0,High-Risk Zone (Red)
338,1.0,High-Risk Zone (Red)
2424,0.03,Safe Zone (Green)
4267,0.0,Safe Zone (Green)
551,1.0,High-Risk Zone (Red)
2817,0.01,Safe Zone (Green)
6017,0.0,Safe Zone (Green)
9990,0.08,Safe Zone (Green)
14544,1.0,High-Risk Zone (Red)
9059,0.38,Low-Risk Zone (Yellow)
11786,0.0,Safe Zone (Green)
9407,0.04,Safe Zone (Green)
11350,0.01,Safe Zone (Green)
8666,0.0,Safe Zone (Green)
847,0.92,High-Risk Zone (Red)
5207,0.0,Safe Zone (Green)
11704,0.0,Safe Zone (Green)
1691,1.0,High-Risk Zone (Red)
8194,0.0,Safe Zone (Green)
11984,0.0,Safe Zone (Green)
12574,1.0,High-Risk Zone (Red)
14670,1.0,High-Risk Zone (Red)
587,0.94,High-Risk Zone (Red)
10827,0.01,Safe Zone (Green)
8839,0.02,Safe Zone (Green)
8977,0.02,Safe Zone (Green)
11940,0.0,Safe Zone (Green)
6586,0.24,Low-Risk Zone (Yellow)
3132,0.03,Safe Zone (Green)
12101,1.0,High-Risk Zone (Red)
13785,0.01,Safe Zone (Green)
4418,0.01,Safe Zone (Green)
10936,0.0,Safe Zone (Green)
10737,0.0,Safe Zone (Green)
4528,0.0,Safe Zone (Green)
6982,0.04,Safe Zone (Green)
7996,0.0,Safe Zone (Green)
9384,0.0,Safe Zone (Green)
1097,1.0,High-Risk Zone (Red)
5287,0.0,Safe Zone (Green)
11874,0.0,Safe Zone (Green)
4169,0.57,Low-Risk Zone (Yellow)
8946,0.04,Safe Zone (Green)
4533,0.02,Safe Zone (Green)
12346,0.99,High-Risk Zone (Red)
14685,1.0,High-Risk Zone (Red)
102,1.0,High-Risk Zone (Red)
631,0.65,Medium-Risk Zone (Orange)
12631,0.65,Medium-Risk Zone (Orange)
5123,0.01,Safe Zone (Green)
9838,0.0,Safe Zone (Green)
5302,0.0,Safe Zone (Green)
14824,1.0,High-Risk Zone (Red)
1375,1.0,High-Risk Zone (Red)
6564,0.03,Safe Zone (Green)
13829,0.0,Safe Zone (Green)
9353,0.0,Safe Zone (Green)
10642,0.01,Safe Zone (Green)
4560,0.12,Safe Zone (Green)
7421,0.0,Safe Zone (Green)
2515,0.06,Safe Zone (Green)
2779,0.0,Safe Zone (Green)
13453,0.0,Safe Zone (Green)
10102,0.0,Safe Zone (Green)
6173,0.04,Safe Zone (Green)
8380,0.01,Safe Zone (Green)
10492,0.54,Low-Risk Zone (Yellow)
1794,1.0,High-Risk Zone (Red)
69,1.0,High-Risk Zone (Red)
9802,0.01,Safe Zone (Green)
7225,0.0,Safe Zone (Green)
10199,0.05,Safe Zone (Green)
8321,0.0,Safe Zone (Green)
6421,0.07,Safe Zone (Green)
10882,0.0,Safe Zone (Green)
1158,0.0,Safe Zone (Green)
9650,0.01,Safe Zone (Green)
6162,0.04,Safe Zone (Green)
3439,0.03,Safe Zone (Green)
1640,0.89,Medium-Risk Zone (Orange)
6788,0.0,Safe Zone (Green)
2950,0.01,Safe Zone (Green)
1327,1.0,High-Risk Zone (Red)
10105,0.02,Safe Zone (Green)
7095,0.06,Safe Zone (Green)
3678,0.0,Safe Zone (Green)
6908,0.0,Safe Zone (Green)
11252,0.01,Safe Zone (Green)
6591,0.03,Safe Zone (Green)
8386,0.03,Safe Zone (Green)
14729,1.0,High-Risk Zone (Red)
3966,0.0,Safe Zone (Green)
10122,0.03,Safe Zone (Green)
11812,0.0,Safe Zone (Green)
3048,0.1,Safe Zone (Green)
14018,0.06,Safe Zone (Green)
12838,0.0,Safe Zone (Green)
13581,0.01,Safe Zone (Green)
14442,1.0,High-Risk Zone (Red)
11047,0.01,Safe Zone (Green)
9872,0.01,Safe Zone (Green)
5832,0.14,Safe Zone (Green)
5330,0.0,Safe Zone (Green)
7464,0.0,Safe Zone (Green)
7484,0.05,Safe Zone (Green)
4074,0.06,Safe Zone (Green)
14004,0.0,Safe Zone (Green)
11598,0.0,Safe Zone (Green)
4345,0.0,Safe Zone (Green)
6060,0.05,Safe Zone (Green)
12906,0.0,Safe Zone (Green)
12573,1.0,High-Risk Zone (Red)
7596,0.0,Safe Zone (Green)
14364,1.0,High-Risk Zone (Red)
1897,1.0,High-Risk Zone (Red)
10534,0.01,Safe Zone (Green)
3081,0.07,Safe Zone (Green)
2182,0.09,Safe Zone (Green)
1984,1.0,High-Risk Zone (Red)
2260,0.0,Safe Zone (Green)
4043,0.02,Safe Zone (Green)
10219,0.03,Safe Zone (Green)
7397,0.02,Safe Zone (Green)
14056,0.0,Safe Zone (Green)
147,1.0,High-Risk Zone (Red)
11837,0.0,Safe Zone (Green)
10367,0.0,Safe Zone (Green)
13924,0.0,Safe Zone (Green)
2868,0.1,Safe Zone (Green)
4608,0.0,Safe Zone (Green)
9499,0.01,Safe Zone (Green)
3951,0.01,Safe Zone (Green)
600,1.0,High-Risk Zone (Red)
1503,1.0,High-Risk Zone (Red)
5235,0.12,Safe Zone (Green)
12258,1.0,High-Risk Zone (Red)
9177,0.01,Safe Zone (Green)
7641,0.02,Safe Zone (Green)
10281,0.0,Safe Zone (Green)
2169,0.0,Safe Zone (Green)
11928,0.01,Safe Zone (Green)
2055,0.1,Safe Zone (Green)
13741,0.03,Safe Zone (Green)
14751,0.99,High-Risk Zone (Red)
13148,0.0,Safe Zone (Green)
9817,0.06,Safe Zone (Green)
1796,0.99,High-Risk Zone (Red)
8782,0.0,Safe Zone (Green)
1056,0.99,High-Risk Zone (Red)
12102,1.0,High-Risk Zone (Red)
12854,0.0,Safe Zone (Green)
12532,1.0,High-Risk Zone (Red)
4974,0.06,Safe Zone (Green)
11021,0.01,Safe Zone (Green)
14120,0.0,Safe Zone (Green)
2492,0.0,Safe Zone (Green)
13218,0.03,Safe Zone (Green)
4838,0.08,Safe Zone (Green)
1527,0.98,High-Risk Zone (Red)
3560,0.35,Low-Risk Zone (Yellow)
11541,0.0,Safe Zone (Green)
1394,1.0,High-Risk Zone (Red)
6973,0.0,Safe Zone (Green)
12303,1.0,High-Risk Zone (Red)
5579,0.0,Safe Zone (Green)
10186,0.21,Low-Risk Zone (Yellow)
9250,0.0,Safe Zone (Green)
410,0.76,Medium-Risk Zone (Orange)
14094,0.0,Safe Zone (Green)
6308,0.44,Low-Risk Zone (Yellow)
12177,1.0,High-Risk Zone (Red)
4966,0.03,Safe Zone (Green)
4520,0.04,Safe Zone (Green)
3821,0.04,Safe Zone (Green)
10366,0.0,Safe Zone (Green)
13831,0.0,Safe Zone (Green)
9678,0.0,Safe Zone (Green)
14810,1.0,High-Risk Zone (Red)
8936,0.0,Safe Zone (Green)
1772,1.0,High-Risk Zone (Red)
8451,0.22,Low-Risk Zone (Yellow)
6500,0.45,Low-Risk Zone (Yellow)
8262,0.0,Safe Zone (Green)
212,1.0,High-Risk Zone (Red)
5737,0.01,Safe Zone (Green)
8740,0.02,Safe Zone (Green)
6671,0.0,Safe Zone (Green)
13836,0.0,Safe Zone (Green)
7945,0.02,Safe Zone (Green)
13849,0.01,Safe Zone (Green)
8481,0.0,Safe Zone (Green)
12137,1.0,High-Risk Zone (Red)
3934,0.13,Safe Zone (Green)
9666,0.0,Safe Zone (Green)
12782,0.91,High-Risk Zone (Red)
5132,0.0,Safe Zone (Green)
140,1.0,High-Risk Zone (Red)
2826,0.22,Low-Risk Zone (Yellow)
12383,1.0,High-Risk Zone (Red)
14963,1.0,High-Risk Zone (Red)
5695,0.0,Safe Zone (Green)
614,1.0,High-Risk Zone (Red)
2151,0.11,Safe Zone (Green)
4778,0.02,Safe Zone (Green)
10855,0.02,Safe Zone (Green)
11253,0.0,Safe Zone (Green)
5276,0.0,Safe Zone (Green)
2041,0.0,Safe Zone (Green)
6035,0.04,Safe Zone (Green)
4052,0.1,Safe Zone (Green)
11063,0.0,Safe Zone (Green)
2037,0.0,Safe Zone (Green)
6666,0.0,Safe Zone (Green)
11889,0.01,Safe Zone (Green)
4392,0.07,Safe Zone (Green)
8188,0.03,Safe Zone (Green)
3705,0.0,Safe Zone (Green)
7529,0.03,Safe Zone (Green)
7568,0.02,Safe Zone (Green)
7550,0.18,Safe Zone (Green)
9310,0.0,Safe Zone (Green)
7654,0.0,Safe Zone (Green)
10485,0.01,Safe Zone (Green)
7514,0.0,Safe Zone (Green)
10681,0.0,Safe Zone (Green)
872,0.94,High-Risk Zone (Red)
3996,0.0,Safe Zone (Green)
2341,0.16,Safe Zone (Green)
10246,0.01,Safe Zone (Green)
182,0.99,High-Risk Zone (Red)
3218,0.04,Safe Zone (Green)
12965,0.0,Safe Zone (Green)
6518,0.06,Safe Zone (Green)
8774,0.0,Safe Zone (Green)
3684,0.0,Safe Zone (Green)
58,1.0,High-Risk Zone (Red)
8943,0.09,Safe Zone (Green)
6496,0.16,Safe Zone (Green)
2057,0.01,Safe Zone (Green)
6051,0.01,Safe Zone (Green)
5393,0.0,Safe Zone (Green)
7747,0.0,Safe Zone (Green)
10054,0.0,Safe Zone (Green)
540,0.99,High-Risk Zone (Red)
7731,0.0,Safe Zone (Green)
11190,0.0,Safe Zone (Green)
10423,0.11,Safe Zone (Green)
14126,0.12,Safe Zone (Green)
3508,0.0,Safe Zone (Green)
9947,0.01,Safe Zone (Green)
1782,0.95,High-Risk Zone (Red)
7,0.98,High-Risk Zone (Red)
889,1.0,High-Risk Zone (Red)
7987,0.12,Safe Zone (Green)
1194,0.4,Low-Risk Zone (Yellow)
23,1.0,High-Risk Zone (Red)
8113,0.0,Safe Zone (Green)
13911,0.0,Safe Zone (Green)
12635,1.0,High-Risk Zone (Red)
4224,0.01,Safe Zone (Green)
1667,0.94,High-Risk Zone (Red)
812,1.0,High-Risk Zone (Red)
510,1.0,High-Risk Zone (Red)
8235,0.03,Safe Zone (Green)
1755,0.16,Safe Zone (Green)
7533,0.0,Safe Zone (Green)
4185,0.02,Safe Zone (Green)
11642,0.0,Safe Zone (Green)
4490,0.07,Safe Zone (Green)
5943,0.0,Safe Zone (Green)
4744,0.01,Safe Zone (Green)
6043,0.0,Safe Zone (Green)
11860,0.01,Safe Zone (Green)
11705,0.01,Safe Zone (Green)
6352,0.01,Safe Zone (Green)
2639,0.0,Safe Zone (Green)
10700,0.02,Safe Zone (Green)
8182,0.11,Safe Zone (Green)
12863,0.21,Low-Risk Zone (Yellow)
14937,0.99,High-Risk Zone (Red)
9639,0.02,Safe Zone (Green)
7008,0.0,Safe Zone (Green)
2389,0.0,Safe Zone (Green)
1363,1.0,High-Risk Zone (Red)
2906,0.0,Safe Zone (Green)
295,1.0,High-Risk Zone (Red)
13245,0.0,Safe Zone (Green)
52,1.0,High-Risk Zone (Red)
8,1.0,High-Risk Zone (Red)
398,1.0,High-Risk Zone (Red)
1585,0.93,High-Risk Zone (Red)
4603,0.03,Safe Zone (Green)
10537,0.01,Safe Zone (Green)
12165,1.0,High-Risk Zone (Red)
3180,0.02,Safe Zone (Green)
879,1.0,High-Risk Zone (Red)
7410,0.1,Safe Zone (Green)
5252,0.01,Safe Zone (Green)
1733,1.0,High-Risk Zone (Red)
808,0.59,Low-Risk Zone (Yellow)
9910,0.04,Safe Zone (Green)
1586,0.89,Medium-Risk Zone (Orange)
7307,0.06,Safe Zone (Green)
1308,0.99,High-Risk Zone (Red)
8899,0.0,Safe Zone (Green)
3444,0.02,Safe Zone (Green)
9457,0.02,Safe Zone (Green)
5968,0.0,Safe Zone (Green)
1537,1.0,High-Risk Zone (Red)
7868,0.1,Safe Zone (Green)
10978,0.0,Safe Zone (Green)
532,1.0,High-Risk Zone (Red)
11183,0.0,Safe Zone (Green)
5862,0.02,Safe Zone (Green)
8884,0.0,Safe Zone (Green)
2154,0.42,Low-Risk Zone (Yellow)
4289,0.02,Safe Zone (Green)
11743,0.09,Safe Zone (Green)
14274,1.0,High-Risk Zone (Red)
10424,0.0,Safe Zone (Green)
6443,0.11,Safe Zone (Green)
224,1.0,High-Risk Zone (Red)
13442,0.02,Safe Zone (Green)
6761,0.0,Safe Zone (Green)
2924,0.0,Safe Zone (Green)
4884,0.0,Safe Zone (Green)
8803,0.01,Safe Zone (Green)
5503,0.02,Safe Zone (Green)
8209,0.0,Safe Zone (Green)
6739,0.0,Safe Zone (Green)
4393,0.0,Safe Zone (Green)
5526,0.0,Safe Zone (Green)
3921,0.53,Low-Risk Zone (Yellow)
4379,0.02,Safe Zone (Green)
14823,0.99,High-Risk Zone (Red)
7543,0.0,Safe Zone (Green)
7651,0.15,Safe Zone (Green)
4402,0.02,Safe Zone (Green)
5944,0.34,Low-Risk Zone (Yellow)
9042,0.27,Low-Risk Zone (Yellow)
6520,0.12,Safe Zone (Green)
8477,0.02,Safe Zone (Green)
6243,0.06,Safe Zone (Green)
13497,0.02,Safe Zone (Green)
8106,0.0,Safe Zone (Green)
4205,0.0,Safe Zone (Green)
7308,0.02,Safe Zone (Green)
1980,0.98,High-Risk Zone (Red)
5926,0.05,Safe Zone (Green)
11887,0.0,Safe Zone (Green)
14136,0.02,Safe Zone (Green)
4586,0.01,Safe Zone (Green)
10274,0.0,Safe Zone (Green)
7260,0.0,Safe Zone (Green)
4339,0.23,Low-Risk Zone (Yellow)
202,1.0,High-Risk Zone (Red)
2526,0.02,Safe Zone (Green)
8999,0.03,Safe Zone (Green)
3744,0.0,Safe Zone (Green)
1374,0.69,Medium-Risk Zone (Orange)
3749,0.0,Safe Zone (Green)
9775,0.0,Safe Zone (Green)
13552,0.0,Safe Zone (Green)
11373,0.04,Safe Zone (Green)
11449,0.0,Safe Zone (Green)
1253,1.0,High-Risk Zone (Red)
10372,0.0,Safe Zone (Green)
7597,0.0,Safe Zone (Green)
7759,0.09,Safe Zone (Green)
8729,0.0,Safe Zone (Green)
10553,0.02,Safe Zone (Green)
7745,0.33,Low-Risk Zone (Yellow)
2199,0.02,Safe Zone (Green)
2016,0.0,Safe Zone (Green)
4494,0.02,Safe Zone (Green)
7024,0.09,Safe Zone (Green)
6034,0.0,Safe Zone (Green)
9355,0.0,Safe Zone (Green)
5853,0.07,Safe Zone (Green)
12791,0.01,Safe Zone (Green)
14236,1.0,High-Risk Zone (Red)
6454,0.0,Safe Zone (Green)
14979,1.0,High-Risk Zone (Red)
2473,0.12,Safe Zone (Green)
9314,0.06,Safe Zone (Green)
12833,0.0,Safe Zone (Green)
444,1.0,High-Risk Zone (Red)
11426,0.16,Safe Zone (Green)
14498,0.92,High-Risk Zone (Red)
9612,0.0,Safe Zone (Green)
9493,0.0,Safe Zone (Green)
3163,0.01,Safe Zone (Green)
3763,0.03,Safe Zone (Green)
4996,0.0,Safe Zone (Green)
6635,0.05,Safe Zone (Green)
3649,0.0,Safe Zone (Green)
371,1.0,High-Risk Zone (Red)
2013,0.0,Safe Zone (Green)
10282,0.0,Safe Zone (Green)
12850,0.07,Safe Zone (Green)
10606,0.0,Safe Zone (Green)
5166,0.05,Safe Zone (Green)
11790,0.0,Safe Zone (Green)
13527,0.01,Safe Zone (Green)
8566,0.1,Safe Zone (Green)
4518,0.0,Safe Zone (Green)
6257,0.02,Safe Zone (Green)
7334,0.03,Safe Zone (Green)
12315,0.98,High-Risk Zone (Red)
9870,0.14,Safe Zone (Green)
4844,0.0,Safe Zone (Green)
11368,0.01,Safe Zone (Green)
8144,0.01,Safe Zone (Green)
1821,1.0,High-Risk Zone (Red)
9780,0.03,Safe Zone (Green)
3111,0.16,Safe Zone (Green)
12354,0.83,Medium-Risk Zone (Orange)
5946,0.0,Safe Zone (Green)
3,0.95,High-Risk Zone (Red)
14706,1.0,High-Risk Zone (Red)
1282,0.41,Low-Risk Zone (Yellow)
14984,1.0,High-Risk Zone (Red)
13526,0.0,Safe Zone (Green)
10626,0.04,Safe Zone (Green)
12014,1.0,High-Risk Zone (Red)
416,0.99,High-Risk Zone (Red)
8714,0.04,Safe Zone (Green)
14254,1.0,High-Risk Zone (Red)
3757,0.0,Safe Zone (Green)
9901,0.01,Safe Zone (Green)
2687,0.0,Safe Zone (Green)
3339,0.02,Safe Zone (Green)
8583,0.0,Safe Zone (Green)
1664,1.0,High-Risk Zone (Red)
8661,0.05,Safe Zone (Green)
7873,0.06,Safe Zone (Green)
14261,0.93,High-Risk Zone (Red)
6595,0.01,Safe Zone (Green)
7124,0.02,Safe Zone (Green)
641,1.0,High-Risk Zone (Red)
11600,0.0,Safe Zone (Green)
9451,0.0,Safe Zone (Green)
12344,1.0,High-Risk Zone (Red)
4726,0.01,Safe Zone (Green)
11908,0.0,Safe Zone (Green)
14351,1.0,High-Risk Zone (Red)
11676,0.0,Safe Zone (Green)
3468,0.01,Safe Zone (Green)
14235,1.0,High-Risk Zone (Red)
4194,0.0,Safe Zone (Green)
4428,0.05,Safe Zone (Green)
12846,0.08,Safe Zone (Green)
10907,0.15,Safe Zone (Green)
12848,0.0,Safe Zone (Green)
11116,0.0,Safe Zone (Green)
7336,0.0,Safe Zone (Green)
5970,0.03,Safe Zone (Green)
362,1.0,High-Risk Zone (Red)
12985,0.0,Safe Zone (Green)
6048,0.01,Safe Zone (Green)
13577,0.01,Safe Zone (Green)
6864,0.03,Safe Zone (Green)
4521,0.07,Safe Zone (Green)
9833,0.02,Safe Zone (Green)
459,1.0,High-Risk Zone (Red)
12840,0.01,Safe Zone (Green)
190,1.0,High-Risk Zone (Red)
10209,0.02,Safe Zone (Green)
11838,0.17,Safe Zone (Green)
7039,0.05,Safe Zone (Green)
9994,0.0,Safe Zone (Green)
4575,0.0,Safe Zone (Green)
5295,0.01,Safe Zone (Green)
3606,0.02,Safe Zone (Green)
5767,0.0,Safe Zone (Green)
4223,0.04,Safe Zone (Green)
4037,0.0,Safe Zone (Green)
2504,0.11,Safe Zone (Green)
9958,0.0,Safe Zone (Green)
13639,0.02,Safe Zone (Green)
3904,0.06,Safe Zone (Green)
3047,0.05,Safe Zone (Green)
3072,0.15,Safe Zone (Green)
13302,0.0,Safe Zone (Green)
1360,0.99,High-Risk Zone (Red)
3891,0.02,Safe Zone (Green)
3382,0.0,Safe Zone (Green)
4925,0.0,Safe Zone (Green)
14,1.0,High-Risk Zone (Red)
7492,0.06,Safe Zone (Green)
13775,0.0,Safe Zone (Green)
4365,0.01,Safe Zone (Green)
9948,0.31,Low-Risk Zone (Yellow)
8704,0.36,Low-Risk Zone (Yellow)
3694,0.08,Safe Zone (Green)
10634,0.02,Safe Zone (Green)
9196,0.08,Safe Zone (Green)
6393,0.0,Safe Zone (Green)
14438,1.0,High-Risk Zone (Red)
14106,0.02,Safe Zone (Green)
5178,0.0,Safe Zone (Green)
6158,0.03,Safe Zone (Green)
7481,0.41,Low-Risk Zone (Yellow)
7882,0.0,Safe Zone (Green)
13769,0.0,Safe Zone (Green)
8841,0.07,Safe Zone (Green)
14487,0.99,High-Risk Zone (Red)
3679,0.0,Safe Zone (Green)
14279,0.98,High-Risk Zone (Red)
11570,0.0,Safe Zone (Green)
3559,0.02,Safe Zone (Green)
10191,0.0,Safe Zone (Green)
13016,0.0,Safe Zone (Green)
2507,0.01,Safe Zone (Green)
4463,0.02,Safe Zone (Green)
2438,0.0,Safe Zone (Green)
4409,0.0,Safe Zone (Green)
4961,0.0,Safe Zone (Green)
4557,0.03,Safe Zone (Green)
6610,0.03,Safe Zone (Green)
10327,0.02,Safe Zone (Green)
731,1.0,High-Risk Zone (Red)
